residue,divergence_esm3,aescallii_residue
1,0.027331292629241943,1
2,0.014778614044189453,2
3,0.014819443225860596,3
4,0.022020161151885986,4
5,0.013795554637908936,5
6,0.010406315326690674,6
7,0.01065981388092041,7
8,0.010278642177581787,8
9,0.011501610279083252,9
10,0.01299750804901123,10
11,0.01670229434967041,11
12,0.01759636402130127,12
13,0.015273034572601318,13
14,0.014845132827758789,14
15,0.012254059314727783,15
16,0.012302696704864502,16
17,0.010069131851196289,17
18,0.011491239070892334,18
19,0.011139273643493652,19
20,0.011684536933898926,20
21,0.011875808238983154,21
22,0.012041330337524414,22
23,0.013437092304229736,23
24,0.011614024639129639,24
25,0.013586461544036865,25
26,0.017384111881256104,26
27,0.021209359169006348,27
28,0.025920569896697998,28
29,0.028584539890289307,29
30,0.034469544887542725,30
31,0.04203611612319946,31
32,0.06264519691467285,32
33,0.05054128170013428,33
34,0.037708938121795654,34
35,0.0524103045463562,35
36,0.07479608058929443,36
37,0.05032306909561157,37
38,0.05235260725021362,38
39,0.06947159767150879,39
40,0.06032097339630127,40
41,0.04364901781082153,41
42,0.06471449136734009,42
43,0.0595630407333374,43
44,0.066825270652771,44
45,0.05389058589935303,45
46,0.04847609996795654,46
47,0.04651826620101929,47
48,0.042500197887420654,48
49,0.03621351718902588,49
50,0.052525460720062256,50
51,0.03494894504547119,51
52,0.050930917263031006,52
53,0.029878318309783936,53
54,0.021538257598876953,54
55,0.021689891815185547,55
56,0.030987679958343506,56
57,0.03841519355773926,57
58,0.022991597652435303,58
59,0.029661893844604492,59
60,0.041273534297943115,60
61,0.047948598861694336,61
62,0.06604993343353271,62
63,0.06156790256500244,63
64,0.053587138652801514,64
65,0.05537080764770508,65
66,0.06278610229492188,66
67,0.0739060640335083,67
68,0.0528293251991272,68
69,0.053301870822906494,69
70,0.04741913080215454,70
71,0.06306016445159912,71
72,0.0468214750289917,72
73,0.039814293384552,73
74,0.04762983322143555,74
75,0.04506099224090576,75
76,0.027730822563171387,76
77,0.035844266414642334,77
78,0.04950529336929321,78
79,0.10817962884902954,84
80,0.07978475093841553,85
81,0.08899158239364624,87
82,0.08036106824874878,88
83,0.06906449794769287,94
84,0.10758686065673828,108
85,0.07066237926483154,109
86,0.07975399494171143,112
87,0.060350000858306885,127
88,0.06004577875137329,128
89,0.12830233573913574,145
90,0.1340259313583374,146
91,0.13566982746124268,150
92,0.10351943969726562,158
93,0.1177595853805542,159
94,0.1113208532333374,161
95,0.11153316497802734,162
96,0.11512935161590576,166
97,0.09096330404281616,172
98,0.07826471328735352,191
99,0.08684009313583374,198
100,0.06252145767211914,199
101,0.07105165719985962,200
102,0.07476174831390381,201
103,0.11623889207839966,213
104,0.18297702074050903,227
105,0.19520235061645508,228
106,0.1389191746711731,242
107,0.1793920397758484,243
108,0.2199106216430664,256
109,0.16533857583999634,258
110,0.2634583115577698,268
111,0.2402937412261963,275
112,0.2662489414215088,279
113,0.2630975842475891,280
114,0.3504906892776489,281
115,0.2181333303451538,282
116,0.3662419319152832,284
117,0.3065376281738281,286
118,0.3377445936203003,290
119,0.37259745597839355,291
120,0.3491988182067871,292
121,0.21137559413909912,293
122,0.3138439655303955,294
123,0.3784123659133911,295
124,0.3520280718803406,296
125,0.3194202780723572,298
126,0.3195054531097412,300
127,0.3138429522514343,305
128,0.444241464138031,325
129,0.35286152362823486,327
130,0.3657551407814026,328
131,0.4048893451690674,332
132,0.35182875394821167,334
133,0.36936265230178833,336
134,0.3183829188346863,343
135,0.34409767389297485,344
136,0.29983532428741455,345
137,0.28972750902175903,346
138,0.24806839227676392,348
139,0.21065199375152588,352
140,0.15226024389266968,359
141,0.17082220315933228,362
142,0.2500060796737671,363
143,0.33744460344314575,364
144,0.28491705656051636,376
145,0.26230353116989136,377
146,0.29375070333480835,384
147,0.2986268997192383,385
148,0.24830108880996704,386
149,0.17987704277038574,395
150,0.29337745904922485,403
151,0.2954171895980835,404
152,0.24592190980911255,405
153,0.15954959392547607,409
154,0.23173844814300537,415
155,0.3291468024253845,420
156,0.27201950550079346,434
157,0.13841629028320312,444
158,0.18353122472763062,460
159,0.2655453085899353,461
160,0.18250423669815063,476
161,0.12049096822738647,487
162,0.20939195156097412,490
163,0.22554194927215576,493
164,0.1284070611000061,508
165,0.11445862054824829,509
166,0.1113167405128479,523
167,0.10822701454162598,524
168,0.07976633310317993,525
169,0.07757699489593506,528
170,0.07872819900512695,532
171,0.06312739849090576,533
172,0.05683189630508423,534
173,0.049104392528533936,535
174,0.04881948232650757,536
175,0.06880658864974976,538
176,0.06947106122970581,539
177,0.052757859230041504,540
178,0.07457762956619263,556
179,0.056613385677337646,561
180,0.04046070575714111,562
181,0.03403252363204956,563
182,0.03400146961212158,564
183,0.034409940242767334,565
184,0.030814647674560547,566
185,0.038282692432403564,567
186,0.06141698360443115,570
187,0.05560868978500366,571
188,0.05066037178039551,572
189,0.05305624008178711,573
190,0.048026204109191895,574
191,0.03215104341506958,575
192,0.02906191349029541,576
193,0.028165221214294434,577
194,0.030238807201385498,578
195,0.036554038524627686,579
196,0.04276573657989502,580
197,0.03259265422821045,581
198,0.028715014457702637,582
199,0.02739173173904419,583
200,0.028216004371643066,584
201,0.029958665370941162,585
202,0.046511173248291016,586
203,0.052607715129852295,587
204,0.0469546914100647,588
205,0.09195101261138916,589
206,0.06467664241790771,590
207,0.12910336256027222,591
208,0.07300543785095215,592
209,0.1619201898574829,593
210,0.1519474983215332,594
211,0.17896032333374023,595
212,0.120341956615448,596
213,0.11873197555541992,597
214,0.10086977481842041,598
215,0.06101566553115845,599
216,0.042266786098480225,600
217,0.038106441497802734,601
218,0.03435683250427246,602
219,0.03862345218658447,603
220,0.043981730937957764,604
221,0.07729977369308472,605
222,0.0557025671005249,606
223,0.05179178714752197,607
224,0.08194732666015625,608
225,0.058566391468048096,609
226,0.09613579511642456,610
227,0.057089924812316895,611
228,0.061170339584350586,612
229,0.05305880308151245,613
230,0.05603671073913574,614
231,0.03445708751678467,615
232,0.026527225971221924,616
233,0.027888059616088867,617
234,0.016054213047027588,618
235,0.016893088817596436,619
236,0.013375997543334961,620
237,0.013730347156524658,621
238,0.017262041568756104,622
239,0.027748823165893555,623
240,0.031256139278411865,624
241,0.04283320903778076,625
242,0.02455008029937744,626
243,0.021557152271270752,627
244,0.013852894306182861,628
245,0.015597522258758545,629
246,0.016390323638916016,630
247,0.01601356267929077,631
248,0.018299102783203125,632
249,0.02461540699005127,633
250,0.03253120183944702,634
251,0.06598806381225586,635
252,0.05810457468032837,636
253,0.08950626850128174,637
254,0.06686383485794067,638
255,0.079403817653656,639
256,0.08146005868911743,640
257,0.06805926561355591,641
258,0.047016918659210205,642
259,0.03362804651260376,643
260,0.022374749183654785,644
261,0.018625378608703613,645
262,0.016049504280090332,646
263,0.017793774604797363,647
264,0.019820690155029297,648
265,0.020877420902252197,649
266,0.01950204372406006,650
267,0.018653690814971924,651
268,0.015165448188781738,652
269,0.015143036842346191,653
270,0.013216137886047363,654
271,0.014246940612792969,655
272,0.01655888557434082,656
273,0.014719903469085693,657
274,0.01618945598602295,658
275,0.011105477809906006,659
276,0.021058320999145508,660
277,0.011308133602142334,661
278,0.014320909976959229,662
279,0.009181082248687744,663
280,0.011844038963317871,664
281,0.008913934230804443,665
282,0.01717352867126465,666
283,0.00822526216506958,667
284,0.011528432369232178,668
285,0.009673357009887695,669
286,0.011593639850616455,670
287,0.012639164924621582,671
288,0.022462189197540283,672
289,0.02070218324661255,673
290,0.04551976919174194,674
291,0.04647034406661987,675
292,0.03408944606781006,676
293,0.032786548137664795,677
294,0.02349066734313965,678
295,0.01612985134124756,679
296,0.01410585641860962,680
297,0.015493154525756836,681
298,0.013335168361663818,682
299,0.009134948253631592,683
300,0.014690518379211426,684
301,0.01299673318862915,685
302,0.011643648147583008,686
303,0.01074916124343872,687
304,0.016466796398162842,688
305,0.022159099578857422,689
306,0.01781398057937622,690
307,0.02038031816482544,691
308,0.014191925525665283,692
309,0.01365196704864502,693
310,0.008286535739898682,694
311,0.010743916034698486,695
312,0.015446722507476807,696
313,0.015132904052734375,697
314,0.012836992740631104,698
315,0.013652503490447998,699
316,0.01626873016357422,700
317,0.022856712341308594,701
318,0.011743903160095215,702
319,0.015934109687805176,703
320,0.011748671531677246,704
321,0.010642290115356445,705
322,0.006545960903167725,706
323,0.010898411273956299,707
324,0.01657038927078247,708
325,0.007924318313598633,709
326,0.009805262088775635,710
327,0.013639092445373535,711
328,0.011659085750579834,712
329,0.009517431259155273,713
330,0.014200985431671143,714
331,0.02306133508682251,715
332,0.03273475170135498,716
333,0.0249478816986084,717
334,0.024633049964904785,718
335,0.015064656734466553,719
336,0.01604318618774414,720
337,0.01151275634765625,721
338,0.013303041458129883,722
339,0.01551443338394165,723
340,0.02123326063156128,724
341,0.01562577486038208,725
342,0.026068806648254395,726
343,0.018265902996063232,727
344,0.03088700771331787,728
345,0.02929443120956421,729
346,0.05337291955947876,730
347,0.025007903575897217,731
348,0.016265869140625,732
349,0.014718830585479736,733
350,0.014041721820831299,734
351,0.013045310974121094,735
352,0.01357942819595337,736
353,0.013288259506225586,737
354,0.011810243129730225,738
355,0.017666399478912354,739
356,0.010839104652404785,740
357,0.009796500205993652,741
358,0.011013925075531006,742
359,0.01077049970626831,743
360,0.010698676109313965,744
361,0.010100245475769043,745
362,0.00850522518157959,746
363,0.010284721851348877,747
364,0.01023799180984497,748
365,0.010184884071350098,749
366,0.009817063808441162,750
367,0.008335113525390625,751
368,0.015171170234680176,752
369,0.011475086212158203,753
370,0.019462525844573975,754
371,0.015138864517211914,755
372,0.012706577777862549,756
373,0.015065193176269531,757
374,0.012418627738952637,758
375,0.012918353080749512,759
376,0.008653461933135986,760
377,0.009184658527374268,761
378,0.01176375150680542,762
379,0.007837951183319092,763
380,0.007265865802764893,764
381,0.010754644870758057,765
382,0.009591281414031982,766
383,0.008468687534332275,767
384,0.0100211501121521,768
385,0.010345458984375,769
386,0.013110220432281494,770
387,0.01674342155456543,771
388,0.014939963817596436,772
389,0.009985148906707764,773
390,0.00863426923751831,774
391,0.009336709976196289,775
392,0.02724355459213257,776
393,0.014032542705535889,777
394,0.012853741645812988,778
395,0.013719797134399414,779
396,0.011507809162139893,780
397,0.014970660209655762,781
398,0.015271604061126709,782
399,0.011256873607635498,783
400,0.010173559188842773,784
401,0.00790935754776001,785
402,0.009019434452056885,786
403,0.016803085803985596,787
404,0.014015257358551025,788
405,0.02500516176223755,789
406,0.011397004127502441,790
407,0.010270476341247559,791
413,0.024346232414245605,792
414,0.01811397075653076,793
415,0.013066530227661133,794
416,0.012586236000061035,795
417,0.014798283576965332,796
418,0.023271024227142334,797
419,0.012853026390075684,798
420,0.00956815481185913,799
421,0.017877161502838135,800
422,0.010095715522766113,801
423,0.00939100980758667,802
424,0.007772862911224365,803
425,0.008149683475494385,804
426,0.010439157485961914,805
427,0.019625067710876465,806
428,0.010100603103637695,807
429,0.011326611042022705,808
430,0.011833727359771729,809
431,0.009743213653564453,810
432,0.010410964488983154,811
433,0.009664475917816162,812
434,0.008244454860687256,813
435,0.0083693265914917,814
436,0.007845163345336914,815
437,0.007612168788909912,816
438,0.0072359442710876465,817
439,0.0074571967124938965,818
440,0.006588280200958252,819
441,0.010327339172363281,820
442,0.012399911880493164,821
443,0.026412606239318848,822
444,0.011096954345703125,823
445,0.01044374704360962,824
446,0.006572365760803223,825
447,0.006379187107086182,826
448,0.006416380405426025,827
449,0.006933867931365967,828
450,0.008111536502838135,829
451,0.010064482688903809,830
452,0.008601367473602295,831
453,0.009156882762908936,832
454,0.009793460369110107,833
455,0.010607361793518066,834
456,0.01319509744644165,835
457,0.020953714847564697,836
458,0.05167841911315918,837
459,0.038757383823394775,838
460,0.022975444793701172,839
461,0.017744362354278564,840
462,0.030258357524871826,841
463,0.022316813468933105,842
464,0.019234895706176758,843
465,0.03157240152359009,844
466,0.02240663766860962,845
467,0.017487406730651855,846
468,0.00946056842803955,847
469,0.008411943912506104,848
470,0.009630978107452393,849
471,0.007771193981170654,850
472,0.008670032024383545,851
473,0.017330825328826904,852
474,0.01626133918762207,853
475,0.027474582195281982,855
476,0.013476967811584473,856
477,0.018877625465393066,857
478,0.03965580463409424,858
479,0.015720784664154053,859
480,0.011289834976196289,860
481,0.009524166584014893,861
482,0.009391069412231445,862
483,0.01573890447616577,863
484,0.012154757976531982,864
485,0.012652933597564697,865
486,0.02044200897216797,866
487,0.033206164836883545,867
488,0.030367493629455566,868
489,0.020276188850402832,869
490,0.014288008213043213,870
491,0.018054425716400146,871
492,0.03871488571166992,872
493,0.01836174726486206,873
494,0.013473749160766602,874
495,0.01480942964553833,875
496,0.01428157091140747,876
497,0.015343785285949707,877
498,0.014164566993713379,878
499,0.026086091995239258,879
500,0.023415863513946533,880
501,0.022244691848754883,881
502,0.027533411979675293,882
503,0.049911439418792725,883
504,0.02800917625427246,884
505,0.023775041103363037,885
506,0.023780405521392822,886
507,0.02396601438522339,887
508,0.026822209358215332,888
509,0.0422934889793396,889
510,0.02091306447982788,890
511,0.0235787034034729,891
512,0.02786886692047119,892
513,0.02443075180053711,893
514,0.03598886728286743,894
515,0.02390235662460327,895
516,0.01717829704284668,896
517,0.02434074878692627,897
518,0.024588823318481445,898
519,0.020974814891815186,899
520,0.021321594715118408,900
521,0.024625122547149658,901
522,0.0279543399810791,902
523,0.0361100435256958,903
524,0.041421473026275635,904
525,0.03540438413619995,905
526,0.034718990325927734,906
527,0.019983649253845215,907
528,0.029669761657714844,908
529,0.016643226146697998,909
530,0.011858522891998291,910
531,0.012833714485168457,911
532,0.012937664985656738,912
533,0.01273411512374878,913
534,0.012843966484069824,914
535,0.016249895095825195,915
536,0.016453444957733154,916
537,0.013666808605194092,917
538,0.012658119201660156,918
539,0.014737606048583984,919
540,0.014068543910980225,920
541,0.013009727001190186,921
542,0.02406531572341919,922
543,0.015107274055480957,923
544,0.010531783103942871,924
545,0.010697245597839355,925
546,0.012481749057769775,926
547,0.009946823120117188,927
548,0.009698152542114258,928
549,0.009097635746002197,929
550,0.01056283712387085,930
551,0.010884284973144531,931
552,0.013474464416503906,932
553,0.015189826488494873,933
554,0.029022634029388428,934
555,0.03729248046875,935
556,0.05139690637588501,936
557,0.031028270721435547,937
558,0.018042683601379395,938
559,0.013438165187835693,939
560,0.010633647441864014,940
561,0.009721517562866211,941
562,0.011550366878509521,942
563,0.02385765314102173,943
564,0.014358997344970703,944
565,0.010759830474853516,945
566,0.010717630386352539,946
567,0.011730074882507324,947
568,0.014055192470550537,948
569,0.015359222888946533,949
570,0.028262555599212646,950
571,0.017161667346954346,951
572,0.013734817504882812,952
573,0.012884378433227539,953
574,0.016619861125946045,954
575,0.019455373287200928,955
576,0.03160905838012695,956
577,0.03700774908065796,957
578,0.05642044544219971,958
579,0.023440957069396973,959
580,0.016116797924041748,960
581,0.016955912113189697,961
582,0.01860332489013672,962
583,0.027732431888580322,963
584,0.04432833194732666,964
585,0.05546802282333374,965
586,0.03795325756072998,966
587,0.041178345680236816,967
588,0.04614722728729248,968
589,0.06076490879058838,969
590,0.026208877563476562,970
591,0.021481335163116455,971
592,0.019549787044525146,972
593,0.017347872257232666,973
594,0.017884552478790283,974
595,0.01649761199951172,975
596,0.01666867733001709,976
597,0.01751929521560669,977
598,0.018956899642944336,978
599,0.02503824234008789,979
600,0.027873694896697998,980
601,0.031104624271392822,981
602,0.02353590726852417,982
603,0.02028876543045044,983
604,0.023391425609588623,984
605,0.02863132953643799,985
606,0.038546621799468994,987
607,0.048470258712768555,988
608,0.028475403785705566,989
609,0.024141430854797363,990
610,0.021171867847442627,991
611,0.023607254028320312,992
612,0.023417770862579346,993
613,0.03532677888870239,994
614,0.052329301834106445,995
615,0.058739304542541504,996
616,0.026111841201782227,997
617,0.03138089179992676,998
618,0.05187886953353882,999
619,0.055778563022613525,1000
620,0.06374073028564453,1001
621,0.06484901905059814,1002
622,0.03875458240509033,1003
623,0.03575623035430908,1004
624,0.026532113552093506,1005
625,0.024466097354888916,1006
626,0.021144449710845947,1007
627,0.015271961688995361,1008
628,0.01565605401992798,1009
629,0.014473021030426025,1010
630,0.013735473155975342,1011
631,0.013561666011810303,1012
632,0.01855534315109253,1013
633,0.03070014715194702,1014
634,0.05803656578063965,1015
635,0.02391946315765381,1016
636,0.018939495086669922,1017
637,0.03202277421951294,1018
638,0.014396965503692627,1019
639,0.013758063316345215,1020
640,0.012891709804534912,1021
641,0.013485133647918701,1022
642,0.013774633407592773,1023
643,0.013878464698791504,1024
644,0.016077399253845215,1025
645,0.015637636184692383,1026
646,0.019882023334503174,1027
647,0.03377455472946167,1028
648,0.025572359561920166,1029
649,0.0239904522895813,1030
650,0.031099796295166016,1031
651,0.022411644458770752,1032
652,0.019112825393676758,1033
653,0.02062147855758667,1034
654,0.022255003452301025,1035
655,0.024930298328399658,1036
656,0.028848707675933838,1037
657,0.040755629539489746,1038
658,0.05176275968551636,1039
659,0.049961984157562256,1040
660,0.03674912452697754,1041
661,0.045386672019958496,1042
662,0.030442416667938232,1043
663,0.025403916835784912,1044
664,0.01936161518096924,1045
665,0.019749462604522705,1046
666,0.02038341760635376,1047
667,0.0248376727104187,1048
668,0.029462218284606934,1049
669,0.05121690034866333,1050
670,0.02918761968612671,1051
671,0.02528148889541626,1052
672,0.02022629976272583,1053
673,0.024720966815948486,1054
674,0.02266031503677368,1055
675,0.018691837787628174,1056
676,0.016356825828552246,1057
677,0.0178985595703125,1058
678,0.01662468910217285,1059
679,0.01586681604385376,1060
680,0.03137558698654175,1061
681,0.016273915767669678,1062
682,0.015684962272644043,1063
683,0.013188719749450684,1064
684,0.015105605125427246,1065
685,0.016081690788269043,1066
686,0.015949785709381104,1067
687,0.01889437437057495,1068
688,0.020605385303497314,1069
689,0.027148842811584473,1070
690,0.036964356899261475,1071
691,0.03790813684463501,1072
692,0.026404500007629395,1073
693,0.024814188480377197,1074
694,0.022582292556762695,1075
695,0.02014636993408203,1076
696,0.02252495288848877,1077
697,0.02232062816619873,1078
698,0.026643753051757812,1079
699,0.04340076446533203,1080
700,0.05733537673950195,1081
701,0.02768343687057495,1082
702,0.023051738739013672,1083
703,0.01962137222290039,1084
704,0.018768727779388428,1085
705,0.01754021644592285,1086
706,0.023268163204193115,1087
707,0.04421025514602661,1088
708,0.02102726697921753,1089
709,0.01688218116760254,1090
710,0.018696069717407227,1091
711,0.016193926334381104,1092
712,0.01940244436264038,1093
713,0.03206062316894531,1094
714,0.018485963344573975,1095
715,0.01498347520828247,1096
716,0.01394498348236084,1097
717,0.012418150901794434,1098
718,0.012151718139648438,1099
719,0.014414608478546143,1100
720,0.030989408493041992,1101
721,0.019993305206298828,1102
722,0.027110636234283447,1103
723,0.022047996520996094,1104
724,0.03140360116958618,1105
725,0.017055392265319824,1106
726,0.014433741569519043,1107
727,0.012922167778015137,1108
728,0.013562917709350586,1109
729,0.018698036670684814,1110
730,0.03337287902832031,1111
731,0.05679476261138916,1112
732,0.036139070987701416,1113
733,0.0349501371383667,1114
734,0.023604214191436768,1115
735,0.017599761486053467,1116
736,0.016026675701141357,1117
737,0.022331953048706055,1118
738,0.01995009183883667,1119
739,0.01599419116973877,1120
740,0.013845086097717285,1121
741,0.017815113067626953,1122
742,0.017931342124938965,1123
743,0.016828298568725586,1124
744,0.01667606830596924,1125
745,0.017236053943634033,1126
746,0.024322509765625,1127
747,0.023941457271575928,1128
748,0.02379244565963745,1129
749,0.03142094612121582,1130
750,0.03105241060256958,1131
751,0.04530137777328491,1132
752,0.043892085552215576,1133
753,0.031883955001831055,1134
754,0.021552443504333496,1135
755,0.021450817584991455,1136
756,0.02022552490234375,1137
757,0.014777123928070068,1138
758,0.014476180076599121,1139
759,0.017120778560638428,1140
760,0.01609480381011963,1141
761,0.02985095977783203,1142
762,0.024721264839172363,1143
763,0.01995772123336792,1144
764,0.01831376552581787,1145
765,0.031055748462677002,1146
766,0.019099652767181396,1147
767,0.019070565700531006,1148
768,0.020694434642791748,1149
769,0.02969914674758911,1150
770,0.055582404136657715,1151
771,0.06340742111206055,1152
772,0.0502171516418457,1153
773,0.026258111000061035,1154
774,0.021494746208190918,1155
775,0.02059072256088257,1156
776,0.015338540077209473,1157
777,0.017625868320465088,1158
778,0.017072677612304688,1159
779,0.020134031772613525,1160
780,0.024138450622558594,1161
781,0.02413320541381836,1162
782,0.03710043430328369,1163
783,0.03948420286178589,1164
784,0.03718066215515137,1169
785,0.06848067045211792,1185
786,0.050771892070770264,1186
787,0.040328145027160645,1188
788,0.04807889461517334,1190
789,0.03023916482925415,1191
790,0.04911690950393677,1192
791,0.0508732795715332,1193
792,0.05044448375701904,1195
793,0.058160483837127686,1197
794,0.05074167251586914,1198
795,0.06269407272338867,1200
796,0.06375044584274292,1201
797,0.06362974643707275,1202
798,0.10020369291305542,1208
