protein,feature,n,mean,median
AHR2,bHLH (DNA binding) (25-86),62,0.0017192152238660952,0.0018664002418517498
AHR2,PAS-A (119-231),113,0.002745372004213557,0.0015743374824523
AHR2,PAS-B (ligand pocket) (308-385),78,0.0,0.0
AHR2,C-terminal TAD (386-1027),632,0.0068611137663261434,0.00486290454864495
AHR2,(unannotated / linker),122,0.006922363257798969,1.1920928955078125e-07
Kcnj13,Domain: Potassium channel inwardly rectifying transmembrane (46-175),130,9.063436434818934e-05,0.0
Kcnj13,Transmembrane: Helical (66-89),24,2.9802322387695312e-08,0.0
Kcnj13,Transmembrane: Helical (146-170),25,0.00010542392730712812,0.0
Kcnj13,Domain: Inward rectifier potassium channel C-terminal (182-319),138,0.00010776044665902899,0.0
Kcnj13,(unannotated / linker),70,0.0008694980825696493,5.960464477539063e-08
