residue,divergence,local_identity,aescallii_residue
11,0.001442253589630127,95.23809523809524,15
12,0.0022435784339904785,95.23809523809524,16
13,0.0020273327827453613,95.23809523809524,17
14,0.0020166635513305664,95.23809523809524,18
15,0.0020020008087158203,95.23809523809524,19
16,0.002118527889251709,95.23809523809524,20
17,0.001861274242401123,95.23809523809524,21
18,0.002041161060333252,95.23809523809524,22
19,0.002477288246154785,95.23809523809524,23
20,0.0027045011520385742,95.23809523809524,24
21,0.0023723840713500977,95.23809523809524,25
22,0.002980649471282959,95.23809523809524,26
23,0.0032379627227783203,95.23809523809524,27
24,0.0031311511993408203,95.23809523809524,28
25,0.0024353861808776855,95.23809523809524,29
26,0.004289090633392334,95.23809523809524,30
27,0.0034388303756713867,95.23809523809524,31
28,0.0030904412269592285,95.23809523809524,32
29,0.0029535889625549316,95.23809523809524,33
30,0.0,100.0,34
31,1.1920928955078125e-07,100.0,35
32,0.0,100.0,36
33,0.0,100.0,37
34,0.0,100.0,38
35,-1.1920928955078125e-07,100.0,39
36,-1.1920928955078125e-07,100.0,40
37,0.0,100.0,41
38,0.0,100.0,42
39,1.1920928955078125e-07,100.0,43
40,0.0,100.0,44
41,0.0,100.0,45
42,-1.1920928955078125e-07,100.0,46
43,0.0,100.0,47
44,1.1920928955078125e-07,100.0,48
45,0.0,100.0,49
46,0.0,100.0,50
47,0.0,100.0,51
48,0.0,100.0,52
49,0.0,100.0,53
50,0.0,100.0,54
51,0.0,100.0,55
52,-1.1920928955078125e-07,100.0,56
53,0.0,100.0,57
54,0.0,100.0,58
55,1.1920928955078125e-07,100.0,59
56,-1.1920928955078125e-07,100.0,60
57,0.0,100.0,61
58,-1.1920928955078125e-07,100.0,62
59,0.0,100.0,63
60,0.0,100.0,64
61,0.0,100.0,65
62,1.1920928955078125e-07,100.0,66
63,1.1920928955078125e-07,100.0,67
64,0.0,100.0,68
65,1.1920928955078125e-07,100.0,69
66,0.0,100.0,70
67,1.1920928955078125e-07,100.0,71
68,0.0,100.0,72
69,0.0,100.0,73
70,1.1920928955078125e-07,100.0,74
71,0.0,100.0,75
72,0.0,100.0,76
73,1.1920928955078125e-07,100.0,77
74,0.0,100.0,78
75,0.0,100.0,79
76,0.0,100.0,80
77,0.0,100.0,81
78,0.0,100.0,82
79,0.0,100.0,83
80,0.0,100.0,84
81,0.0,100.0,85
82,0.0,100.0,86
83,0.0,100.0,87
84,0.0,100.0,88
85,0.0,100.0,89
86,1.1920928955078125e-07,100.0,90
87,0.0,100.0,91
88,1.1920928955078125e-07,100.0,92
89,0.0,100.0,93
90,0.0,100.0,94
91,0.0,100.0,95
92,0.0,100.0,96
93,1.1920928955078125e-07,100.0,97
94,0.0,100.0,98
95,0.0,100.0,99
96,0.0,100.0,100
97,0.0,100.0,101
98,0.0,100.0,102
99,0.0,100.0,103
100,0.0,100.0,104
101,0.0,100.0,105
102,0.0,100.0,106
103,0.0,100.0,107
104,0.0,100.0,108
105,1.1920928955078125e-07,100.0,109
106,-1.1920928955078125e-07,100.0,110
107,0.0,100.0,111
108,-1.1920928955078125e-07,100.0,112
109,0.0,100.0,113
110,1.1920928955078125e-07,100.0,114
111,1.1920928955078125e-07,100.0,115
112,0.0,100.0,116
113,1.1920928955078125e-07,100.0,117
114,1.1920928955078125e-07,100.0,118
115,1.1920928955078125e-07,100.0,119
116,0.0,100.0,120
117,0.0,100.0,121
118,0.0,100.0,122
119,1.1920928955078125e-07,100.0,123
120,0.0,100.0,124
121,0.0,100.0,125
122,0.0,100.0,126
123,0.0,100.0,127
124,-1.1920928955078125e-07,100.0,128
125,0.0,100.0,129
126,0.0,100.0,130
127,-1.1920928955078125e-07,100.0,131
128,0.0,100.0,132
129,1.1920928955078125e-07,100.0,133
130,0.0,100.0,134
131,0.0,100.0,135
132,1.1920928955078125e-07,100.0,136
133,0.0,100.0,137
134,1.1920928955078125e-07,100.0,138
135,1.1920928955078125e-07,100.0,139
136,0.0,100.0,140
137,0.0,100.0,141
138,1.1920928955078125e-07,100.0,142
139,1.1920928955078125e-07,100.0,143
140,0.0,100.0,144
141,0.0,100.0,145
142,0.0,100.0,146
143,0.0,100.0,147
144,1.1920928955078125e-07,100.0,148
145,0.0,100.0,149
146,0.0,100.0,150
147,0.0,100.0,151
148,0.0,100.0,152
149,0.0,100.0,153
150,1.1920928955078125e-07,100.0,154
151,0.0,100.0,155
152,1.1920928955078125e-07,100.0,156
153,1.1920928955078125e-07,100.0,157
154,-1.1920928955078125e-07,100.0,158
155,-1.1920928955078125e-07,100.0,159
156,0.0,100.0,160
157,0.0,100.0,161
158,0.0,100.0,162
159,1.1920928955078125e-07,100.0,163
160,1.1920928955078125e-07,100.0,164
161,1.1920928955078125e-07,100.0,165
162,0.0,100.0,166
163,0.0,100.0,167
164,0.0,100.0,168
165,-1.1920928955078125e-07,100.0,169
166,0.0026351213455200195,95.23809523809524,170
167,0.0015880465507507324,95.23809523809524,171
168,0.001909017562866211,95.23809523809524,172
169,0.0022239089012145996,95.23809523809524,173
170,0.0017675161361694336,95.23809523809524,174
171,0.0016564726829528809,95.23809523809524,175
172,0.001761317253112793,95.23809523809524,176
173,0.0019254684448242188,95.23809523809524,177
174,0.001984238624572754,95.23809523809524,178
175,0.0023990869522094727,95.23809523809524,179
176,0.002198159694671631,95.23809523809524,180
177,0.001732170581817627,95.23809523809524,181
178,0.0014946460723876953,95.23809523809524,182
179,0.0015931129455566406,95.23809523809524,183
180,0.0017213821411132812,95.23809523809524,184
181,0.0020455121994018555,95.23809523809524,185
182,0.0016510486602783203,95.23809523809524,186
183,0.0012947320938110352,95.23809523809524,187
184,0.002145826816558838,95.23809523809524,188
185,0.0014675259590148926,95.23809523809524,189
186,0.001456916332244873,95.23809523809524,190
187,0.0,100.0,191
188,0.0,100.0,192
189,0.0,100.0,193
190,0.0,100.0,194
191,1.1920928955078125e-07,100.0,195
192,1.1920928955078125e-07,100.0,196
193,0.0,100.0,197
194,0.0,100.0,198
195,0.0,100.0,199
196,-1.1920928955078125e-07,100.0,200
197,-1.1920928955078125e-07,100.0,201
198,-1.1920928955078125e-07,100.0,202
199,0.0,100.0,203
200,1.1920928955078125e-07,100.0,204
201,0.0,100.0,205
202,0.0,100.0,206
203,1.1920928955078125e-07,100.0,207
204,0.0,100.0,208
205,0.0,100.0,209
206,0.0,100.0,210
207,1.1920928955078125e-07,100.0,211
208,1.1920928955078125e-07,100.0,212
209,0.0,100.0,213
210,0.0,100.0,214
211,0.0,100.0,215
212,0.0,100.0,216
213,0.0,100.0,217
214,0.0,100.0,218
215,0.0,100.0,219
216,0.0,100.0,220
217,0.0,100.0,221
218,-1.1920928955078125e-07,100.0,222
219,0.0,100.0,223
220,0.0,100.0,224
221,1.1920928955078125e-07,100.0,225
222,0.0,100.0,226
223,0.0,100.0,227
224,0.0,100.0,228
225,0.0,100.0,229
226,-1.1920928955078125e-07,100.0,230
227,1.1920928955078125e-07,100.0,231
228,0.0,100.0,232
229,0.0,100.0,233
230,-1.1920928955078125e-07,100.0,234
231,0.0,100.0,235
232,1.1920928955078125e-07,100.0,236
233,0.0,100.0,237
234,1.1920928955078125e-07,100.0,238
235,-1.1920928955078125e-07,100.0,239
236,-1.1920928955078125e-07,100.0,240
237,1.1920928955078125e-07,100.0,241
238,0.0,100.0,242
239,0.0,100.0,243
240,0.0,100.0,244
241,0.0,100.0,245
242,-1.1920928955078125e-07,100.0,246
243,-1.1920928955078125e-07,100.0,247
244,0.0,100.0,248
245,0.0,100.0,249
246,0.0,100.0,250
247,-1.1920928955078125e-07,100.0,251
248,0.0,100.0,252
249,0.0,100.0,253
250,0.0,100.0,254
251,0.0,100.0,255
252,0.0,100.0,256
253,1.1920928955078125e-07,100.0,257
254,0.0,100.0,258
255,0.0,100.0,259
256,0.0,100.0,260
257,0.0,100.0,261
258,0.0,100.0,262
259,0.0,100.0,263
260,0.0,100.0,264
261,1.1920928955078125e-07,100.0,265
262,0.0,100.0,266
263,0.0,100.0,267
264,0.0,100.0,268
265,0.0,100.0,269
266,0.0,100.0,270
267,0.0,100.0,271
268,1.1920928955078125e-07,100.0,272
269,0.0,100.0,273
270,0.0,100.0,274
271,0.0,100.0,275
272,0.0,100.0,276
273,-1.1920928955078125e-07,100.0,277
274,0.0,100.0,278
275,0.0,100.0,279
276,0.0,100.0,280
277,0.0,100.0,281
278,0.0,100.0,282
279,0.0,100.0,283
280,0.0,100.0,284
281,0.0,100.0,285
282,0.0,100.0,286
283,-1.1920928955078125e-07,100.0,287
284,0.0,100.0,288
285,0.0,100.0,289
286,0.0,100.0,290
287,0.0,100.0,291
288,0.0,100.0,292
289,-1.1920928955078125e-07,100.0,293
290,1.1920928955078125e-07,100.0,294
291,1.1920928955078125e-07,100.0,295
292,0.0,100.0,296
293,0.0,100.0,297
294,1.1920928955078125e-07,100.0,298
295,-1.1920928955078125e-07,100.0,299
296,1.1920928955078125e-07,100.0,300
297,0.0,100.0,301
298,0.0,100.0,302
299,0.0,100.0,303
300,0.0,100.0,304
301,-1.1920928955078125e-07,100.0,305
302,0.0,100.0,306
303,-1.1920928955078125e-07,100.0,307
304,0.0,100.0,308
305,0.0,100.0,309
306,0.0,100.0,310
307,0.0,100.0,311
308,-1.1920928955078125e-07,100.0,312
309,-1.1920928955078125e-07,100.0,313
310,0.0,100.0,314
311,1.1920928955078125e-07,100.0,315
312,1.1920928955078125e-07,100.0,316
313,0.0,100.0,317
314,1.1920928955078125e-07,100.0,318
315,0.0,100.0,319
316,0.0,100.0,320
317,-1.1920928955078125e-07,100.0,321
318,0.0,100.0,322
319,1.1920928955078125e-07,100.0,323
320,0.0,100.0,324
321,1.1920928955078125e-07,100.0,325
322,-1.1920928955078125e-07,100.0,326
323,0.0,100.0,327
324,-1.1920928955078125e-07,100.0,328
325,0.0,100.0,329
326,1.1920928955078125e-07,100.0,330
327,0.0,100.0,331
328,1.1920928955078125e-07,100.0,332
329,0.0,100.0,333
330,-1.1920928955078125e-07,100.0,334
331,0.0,100.0,335
332,0.0,100.0,336
333,1.1920928955078125e-07,100.0,337
334,1.1920928955078125e-07,100.0,338
335,0.0,100.0,339
336,0.0,100.0,340
337,-1.1920928955078125e-07,100.0,341
338,0.0,100.0,342
339,1.1920928955078125e-07,100.0,343
340,0.0,100.0,344
341,0.0,100.0,345
342,0.0,100.0,346
343,0.0,100.0,347
344,1.1920928955078125e-07,100.0,348
345,0.0,100.0,349
346,0.0,100.0,350
347,0.0,100.0,351
348,0.0,100.0,352
