protein,model,scoring,variant,known_score,n_substitutions,percentile_most_impactful
HRAS_HUMAN,esm2_t6_8M_UR50D,wt-marginal,G12V,-4.0071,3591,71.48
HRAS_HUMAN,esm2_t6_8M_UR50D,wt-marginal,G12D,-4.2879,3591,66.17
TP53_HUMAN,esm2_t6_8M_UR50D,wt-marginal,R175H,-3.9502,7467,46.52
HRAS_HUMAN,esm2_t12_35M_UR50D,wt-marginal,G12V,-7.0834,3591,40.21
HRAS_HUMAN,esm2_t12_35M_UR50D,wt-marginal,G12D,-6.5383,3591,46.42
TP53_HUMAN,esm2_t12_35M_UR50D,wt-marginal,R175H,-3.9036,7467,53.78
HRAS_HUMAN,esm2_t30_150M_UR50D,wt-marginal,G12V,-10.9151,3591,23.5
HRAS_HUMAN,esm2_t30_150M_UR50D,wt-marginal,G12D,-11.9805,3591,14.4
TP53_HUMAN,esm2_t30_150M_UR50D,wt-marginal,R175H,-8.6495,7467,12.41
HRAS_HUMAN,esm2_t33_650M_UR50D,wt-marginal,G12V,-12.5558,3591,24.03
HRAS_HUMAN,esm2_t33_650M_UR50D,wt-marginal,G12D,-12.1628,3591,27.51
TP53_HUMAN,esm2_t33_650M_UR50D,wt-marginal,R175H,-9.1293,7467,19.22
