ri,aj,divergence,plddt_a,plddt_b,ca_dev
1,1,0.0711822509765625,40.0,39.0,4.206393809582486
2,2,0.0101167559623718,43.0,44.0,4.19843732567809
3,3,0.0093804001808166,53.0,47.0,4.366036007590784
4,4,0.010707139968872,48.0,50.0,3.8789220672597815
5,5,0.0110980868339538,51.0,49.0,3.0453925343558694
6,6,0.0075528621673583,49.0,50.0,2.711917109712378
7,7,0.0093255639076232,54.0,48.0,1.9975462363256549
8,8,0.006954550743103,59.0,53.0,2.9053358271915233
9,9,0.0073083043098449,53.0,50.0,2.37148468786374
10,10,0.0066523551940917,56.00000000000001,50.0,2.196035101637657
11,11,0.0050915479660034,54.0,52.0,2.163611017969049
12,12,0.0182799696922302,57.99999999999999,54.0,2.1581276445155777
13,13,0.0094081163406372,62.0,59.0,2.0622902626736366
14,14,0.0057998895645141,55.00000000000001,53.0,2.2699640053364685
15,15,0.0019633173942565,59.0,56.00000000000001,2.2728071506817873
16,16,0.0021948814392089,62.0,59.0,2.039956963460818
17,17,0.0031142234802246,56.00000000000001,55.00000000000001,2.495699577854382
18,18,0.0,67.0,65.0,2.5747353782811095
19,19,0.0,66.0,66.0,2.582366267254544
20,20,0.0,66.0,64.0,3.174086184342196
21,21,0.0,69.0,68.0,3.132821802430242
22,22,1.1920928955078125e-07,67.0,66.0,3.3826980394117694
23,23,0.0,65.0,64.0,3.9421247293157213
24,24,-1.1920928955078125e-07,65.0,65.0,3.8131160819039565
25,25,0.0,64.0,64.0,4.045299306752965
26,26,1.1920928955078125e-07,57.99999999999999,57.99999999999999,4.642964098115163
27,27,0.0,62.0,62.0,4.52992401427625
28,28,0.0,60.0,61.0,4.573714896166291
29,29,0.0,60.0,60.0,4.271227484615163
30,30,0.0,66.0,66.0,3.949334480283127
31,31,0.0,64.0,64.0,3.4921685998384775
32,32,-1.1920928955078125e-07,79.0,79.0,3.6137191163748836
33,33,0.0014911293983459,79.0,78.0,3.1603965678298205
34,34,0.0018556714057922,83.0,83.0,3.1964682866944183
35,35,0.0019717812538146,81.0,81.0,2.9984475401119877
36,36,0.0022225379943847,81.0,80.0,2.5704023084680863
37,37,0.002931535243988,87.0,87.0,2.4225457683858913
38,38,0.0032349824905395,87.0,87.0,2.4288440255258372
39,39,0.0032352805137634,86.0,85.0,2.161199895456968
40,40,0.0033267140388488,87.0,86.0,1.7742188484888042
41,41,0.0037341713905334,89.0,89.0,1.7433104337718461
42,42,0.003240168094635,90.0,90.0,1.683150258925128
43,43,0.0051425099372863,89.0,87.0,1.3760340511679325
44,44,0.0046595931053161,89.0,89.0,0.9707474400917137
45,45,0.0036162137985229,91.0,91.0,0.9380422035465471
46,46,0.0027109384536743,89.0,89.0,0.9268315270760374
47,47,0.0027027130126953,87.0,86.0,0.4862621641588407
48,48,0.0030503273010253,88.0,88.0,0.2825693391889009
49,49,0.002971589565277,88.0,88.0,0.42607818175658846
50,50,0.0024327039718627,85.0,84.0,0.7233407404605847
51,51,0.0024012923240661,79.0,77.0,0.6497803649689641
52,52,0.0021712779998779,77.0,77.0,0.6915610926255972
53,53,0.0024220347404479,68.0,67.0,1.2358264149339862
54,54,-1.1920928955078125e-07,74.0,74.0,1.1236653129711687
55,55,0.0,74.0,73.0,1.617048394612396
56,56,0.0,68.0,65.0,1.7502920228548418
57,57,1.1920928955078125e-07,70.0,69.0,1.8136294888023337
58,58,0.0,73.0,72.0,1.2185714459374997
59,59,0.0,78.0,76.0,1.0729418341798278
60,60,0.0,77.0,75.0,1.6434379009280524
61,61,0.0,76.0,76.0,1.4632312710823538
62,62,-1.1920928955078125e-07,78.0,77.0,1.0184001699561802
63,63,1.1920928955078125e-07,82.0,83.0,1.3961105318043854
64,64,0.0,79.0,79.0,1.42124216054028
65,65,0.0,76.0,76.0,1.4726344060607457
66,66,0.0,80.0,80.0,0.8993637434143608
67,67,1.1920928955078125e-07,81.0,81.0,0.6274190122965352
68,68,0.0,74.0,76.0,1.0592967240965643
69,69,1.1920928955078125e-07,72.0,74.0,1.1334212620256685
70,70,0.0016611218452453,73.0,74.0,0.7018656146078018
71,71,0.0016735792160034,75.0,76.0,0.8483323363844818
72,72,0.001387596130371,67.0,69.0,1.44985695681296
73,73,0.001821756362915,65.0,66.0,1.4227301057826498
74,74,0.0020592212677001,68.0,70.0,1.3923747912788793
75,75,0.0015883445739746,61.0,63.0,1.7483615903887015
76,76,0.0018771290779113,56.00000000000001,57.99999999999999,2.1846524435331194
77,77,0.0021618604660034,56.99999999999999,57.99999999999999,2.1826567403246213
78,78,0.0022408366203308,57.99999999999999,59.0,2.3449109808123043
79,79,0.0026191473007202,52.0,55.00000000000001,2.731951291988265
80,80,0.0023450851440429,51.0,54.0,3.0638744670035165
81,81,0.0028159618377685,50.0,52.0,3.217578665272514
82,82,0.0024048089981079,50.0,53.0,3.387465456732706
83,83,0.0031958222389221,45.0,50.0,3.7664340388077004
84,84,0.0025092959403991,46.0,50.0,3.9297440702631716
85,85,0.0032162070274353,44.0,47.0,4.127556376158308
86,86,0.0094889998435974,43.0,49.0,4.437093985830333
87,87,0.0091514587402343,42.0,47.0,4.5578735947507685
88,88,0.0134927630424499,37.0,40.0,4.714709247650016
89,89,0.0151565670967102,37.0,39.0,5.815431293754634
90,90,0.0168502926826477,33.0,33.0,5.251747538650325
91,91,0.0105869770050048,35.0,33.0,8.752917416507877
92,92,0.0105968117713928,35.0,33.0,9.600575912480917
93,93,0.0107113122940063,31.0,31.0,9.593096820155491
94,94,0.0105064511299133,33.0,33.0,10.327037783039176
95,95,0.0113129615783691,36.0,30.0,12.344650544549161
97,97,0.0639893412590026,39.0,30.0,10.986175199911578
98,98,0.0734943151473999,34.0,30.0,14.967459055538667
99,99,0.0635314583778381,36.0,35.0,12.587013812576801
100,100,0.0488001704216003,37.0,34.0,12.500311118008959
101,101,0.0443358421325683,37.0,32.0,12.564090273086867
102,102,0.0437526106834411,32.0,33.0,12.134566590793831
103,103,0.0393977761268615,36.0,34.0,12.56219832689726
104,104,0.0405101180076599,38.0,32.0,13.656798433462725
105,105,0.0465449690818786,34.0,32.0,14.997738946945141
107,107,0.0156624913215637,35.0,34.0,13.353772453471873
108,108,0.0183432698249816,30.0,35.0,13.034118401394016
109,109,0.0175666809082031,33.0,36.0,7.626709531397563
110,110,0.0132312774658203,34.0,36.0,6.546720441199341
111,111,0.0070953965187072,39.0,39.0,3.297263682043732
112,112,0.0068995952606201,31.0,35.0,3.464050609238255
113,113,0.005634605884552,33.0,35.0,4.040879394848242
114,114,0.0054206252098083,34.0,36.0,4.221648924295361
115,115,0.0042908191680908,33.0,36.0,4.283433917289416
116,116,0.0035397410392761,36.0,38.0,3.6633529727753897
117,117,0.0,44.0,44.0,5.141051124461554
118,118,0.0,44.0,46.0,5.339255409116317
119,119,1.1920928955078125e-07,55.00000000000001,56.99999999999999,4.656503716318454
120,120,0.0,56.00000000000001,59.0,4.4877542747545505
121,121,0.0,52.0,56.00000000000001,4.90658423688621
122,122,0.0,61.0,66.0,4.560485909284822
123,123,0.0,70.0,72.0,3.970224862959309
124,124,0.0,64.0,67.0,4.188991518260258
125,125,0.0013534426689147,62.0,67.0,4.358266126245313
126,126,0.0015744566917419,71.0,71.0,3.6102667810833142
127,127,0.0019306540489196,68.0,70.0,3.6371065951908084
128,128,0.0014660358428955,84.0,85.0,2.85607617827431
129,129,0.00152188539505,88.0,88.0,2.5217814804830754
130,130,0.0019925832748413,87.0,88.0,2.602832302184904
131,131,0.0018964409828186,90.0,91.0,2.197809460825179
132,132,0.0020292401313781,87.0,87.0,2.399507008947228
133,133,0.001603364944458,89.0,90.0,2.1715335984315205
134,134,0.0016170144081115,82.0,83.0,2.6615489733993054
135,135,0.0020906925201416,80.0,80.0,3.2244251281520424
136,136,0.0018357634544372,76.0,78.0,2.8959193396531475
137,137,0.0017076134681701,85.0,87.0,2.101309108657056
138,138,0.0016592741012573,82.0,84.0,1.672774108060981
139,139,0.0019457340240478,85.0,86.0,1.417742659474176
140,140,0.0033078789710998,81.0,82.0,1.7779674154420555
141,141,0.0019065737724304,82.0,83.0,1.895333207286823
142,142,0.0031007528305053,86.0,87.0,1.8682547129881548
143,143,0.001632809638977,85.0,85.0,2.468377097823826
144,144,0.0012199878692626,78.0,79.0,2.6001281255034248
145,145,0.0010963082313537,83.0,84.0,2.7732438586171146
146,146,0.0,88.0,88.0,2.0373130492856166
147,147,-1.1920928955078125e-07,85.0,85.0,2.340475621669891
148,148,1.1920928955078125e-07,82.0,82.0,2.8265379668882757
149,149,0.0,86.0,86.0,2.2918981748592953
150,150,0.0012751817703247,89.0,89.0,1.7187845106730395
151,151,0.0015768408775329,84.0,84.0,2.1655668274126922
152,152,0.0016638040542602,86.0,86.0,1.625858104948638
153,153,0.0016608834266662,81.0,82.0,1.7852984255493296
154,154,0.0020765662193298,82.0,82.0,1.5444768424085025
155,155,0.0021602511405944,76.0,76.0,1.0352729964690779
156,156,0.0029851198196411,80.0,81.0,0.8841749756247447
157,157,0.0023219585418701,88.0,88.0,0.750819290205551
158,158,0.0042109489440917,82.0,82.0,0.8676545444737308
159,159,0.0024680495262145,71.0,73.0,0.9583025198027936
160,160,0.0029180645942687,81.0,83.0,1.025994117194898
161,161,0.0037561058998107,86.0,87.0,1.3241137167979424
162,162,0.0035821795463562,90.0,91.0,1.111662768425938
163,163,0.003844141960144,87.0,88.0,1.5152095695462922
164,164,0.0035269856452941,84.0,86.0,1.3825528927968527
165,165,0.003905177116394,91.0,92.0,0.7946658404475664
166,166,0.0034080743789672,90.0,91.0,0.9449153475797404
167,167,0.0035012364387512,85.0,86.0,1.2036017522066025
168,168,0.0024723410606384,74.0,77.0,1.8902296180865332
169,169,0.001883327960968,71.0,76.0,1.9366838495566987
170,170,0.0017434358596801,83.0,85.0,1.6658010378038126
171,171,0.0,82.0,84.0,1.9931352679613792
172,172,0.0,72.0,76.0,2.669556143196791
173,173,0.0,80.0,83.0,2.491893735262175
174,174,0.0,86.0,88.0,2.2219979509757506
175,175,0.0,81.0,84.0,2.7273788014349307
176,176,0.0042915344238281,76.0,78.0,3.290274537567596
177,177,0.0051818490028381,83.0,85.0,3.1154607177914913
178,178,0.0068083405494689,84.0,85.0,3.1811566600851116
179,179,0.007837951183319,71.0,74.0,3.9544495458211486
180,180,0.0086506009101867,59.0,60.0,4.612869099940718
181,181,0.0081642270088195,48.0,49.0,4.318830922144687
182,182,0.0086498856544494,38.0,40.0,3.725046330267691
183,183,0.0063740015029907,35.0,39.0,2.957976642032603
184,184,0.0118839740753173,37.0,41.0,3.943865512733988
185,185,0.0115775465965271,34.0,39.0,6.0677813523229265
186,186,0.0097802877426147,38.0,39.0,9.628274908749251
187,187,0.0096021294593811,37.0,43.0,13.51818334068632
188,188,0.0099753141403198,40.0,43.0,13.546852610643956
189,189,0.010246992111206,38.0,43.0,19.135158814846907
190,190,0.0118051171302795,43.0,45.0,18.436574443851892
191,191,0.0148348212242126,37.0,39.0,16.076096787344753
192,192,0.0148391127586364,40.0,43.0,12.455667924551005
193,193,0.0164774656295776,39.0,44.0,6.8764181737698316
194,194,0.0147961378097534,36.0,42.0,6.383987691232411
195,195,0.0112335681915283,36.0,40.0,7.7406508291297405
196,196,0.011786937713623,38.0,45.0,10.600509264833619
197,197,0.0,36.0,42.0,15.31357229410682
198,198,0.0,36.0,37.0,14.692811446370236
199,199,-1.1920928955078125e-07,37.0,41.0,15.69918882927327
200,200,0.0,38.0,38.0,14.450852631678995
201,201,0.0,40.0,38.0,12.635191089754485
202,202,0.0,37.0,38.0,11.794594809863758
203,203,0.0,37.0,37.0,12.145235717880125
204,204,-1.1920928955078125e-07,37.0,34.0,10.540084479321356
205,205,1.1920928955078125e-07,37.0,37.0,8.420099914320852
206,206,0.0,36.0,36.0,8.815820527291635
207,207,0.0,41.0,39.0,8.781448400966111
208,208,-1.1920928955078125e-07,44.0,44.0,6.644478853612579
209,209,0.0,42.0,43.0,6.995715562408172
210,210,0.0,41.0,42.0,5.666836087228194
211,211,0.0,43.0,44.0,6.613215095305414
212,212,0.0,44.0,44.0,6.5047989661415055
213,213,-1.1920928955078125e-07,47.0,48.0,5.551814861710112
214,214,1.1920928955078125e-07,46.0,48.0,5.923701435780703
215,215,-1.1920928955078125e-07,39.0,40.0,6.148936674725927
216,216,0.0,42.0,43.0,5.523112995925261
217,217,1.1920928955078125e-07,38.0,40.0,5.868463922183468
218,218,0.0,40.0,45.0,5.73319956775955
219,219,0.0,43.0,48.0,5.782845928136874
220,220,0.0,56.99999999999999,60.0,4.518432598060682
221,221,1.1920928955078125e-07,65.0,70.0,4.61877392778383
222,222,-1.1920928955078125e-07,68.0,69.0,4.305373315197326
223,223,0.0,79.0,82.0,3.6380547132654386
224,224,0.0,78.0,80.0,3.1619681844076313
225,225,0.0,80.0,82.0,2.4775395149794495
226,226,0.0,82.0,85.0,1.7808387539374584
227,227,0.0,86.0,87.0,1.2180151660995373
228,228,0.0,82.0,84.0,0.6974623777739591
229,229,-1.1920928955078125e-07,89.0,89.0,0.6317350753621578
230,230,0.0,85.0,86.0,0.9762806100243939
231,231,-1.1920928955078125e-07,87.0,87.0,1.4757760096825263
232,232,0.0,76.0,75.0,2.06200619571975
233,233,0.0,76.0,75.0,2.5200065544341683
234,234,0.0,49.0,48.0,3.0627315728502023
235,235,1.1920928955078125e-07,45.0,45.0,2.8995805003114206
236,236,-1.1920928955078125e-07,51.0,51.0,2.2065178167353516
237,237,0.0,55.00000000000001,54.0,2.1532760504131763
238,238,0.0,74.0,74.0,1.683056191580502
239,239,1.1920928955078125e-07,76.0,77.0,1.058024352519794
240,240,0.0,83.0,84.0,1.0991499533742324
241,241,0.0,82.0,83.0,1.0099816138383124
242,242,-1.1920928955078125e-07,86.0,86.0,1.5183204470850047
243,243,0.0,83.0,84.0,2.0938146314308055
244,244,-1.1920928955078125e-07,86.0,87.0,2.3747450664009295
245,245,0.0,84.0,86.0,3.2580365416709074
246,246,-1.1920928955078125e-07,83.0,84.0,3.788554154070243
247,247,1.1920928955078125e-07,81.0,82.0,3.9610825893813337
248,248,0.0,80.0,83.0,3.9100572475822557
249,249,0.0,78.0,79.0,4.1606360517723155
250,250,0.0,69.0,71.0,4.154031400673727
251,251,-1.1920928955078125e-07,64.0,66.0,3.604347393861388
252,252,0.0,51.0,52.0,4.079029533693095
253,253,0.0,43.0,45.0,3.803588475410803
254,254,-1.1920928955078125e-07,40.0,41.0,4.089526755319665
255,255,1.1920928955078125e-07,47.0,48.0,4.796778594667415
256,256,0.0,49.0,50.0,4.380449136116843
257,257,1.1920928955078125e-07,47.0,48.0,5.034325306477189
258,258,1.1920928955078125e-07,57.99999999999999,60.0,4.68724129042304
259,259,1.1920928955078125e-07,56.00000000000001,56.99999999999999,4.86816616839698
260,260,0.0,50.0,52.0,5.528875047603345
261,261,-1.1920928955078125e-07,52.0,53.0,5.7144832577793965
262,262,0.0027592182159423,54.0,55.00000000000001,5.522902209029716
263,263,0.0013208389282226,53.0,53.0,5.208542388621492
264,264,0.0012505054473876,59.0,60.0,4.420957516269341
265,265,0.001383900642395,55.00000000000001,56.99999999999999,4.402174758877692
266,266,0.0020781755447387,63.0,65.0,4.171022378251642
267,267,0.0020510554313659,70.0,73.0,3.6104070690378762
268,268,0.0020753741264343,78.0,80.0,3.642479060304427
269,269,0.0021793842315673,82.0,84.0,3.22637951246901
270,270,0.0022386908531188,86.0,87.0,3.0438048079134314
271,271,0.0025278329849243,85.0,85.0,3.151697118583804
272,272,0.0030732750892639,87.0,88.0,2.97805842213183
273,273,0.002551257610321,86.0,87.0,2.9631041228085184
274,274,0.0025591254234313,88.0,89.0,2.309922963992357
275,275,0.0024653673171997,82.0,83.0,2.5518153020937597
276,276,0.0024094581604003,75.0,78.0,2.2727905530949304
277,277,0.0021058917045593,60.0,66.0,2.4599932856816284
278,278,0.0017734766006469,38.0,41.0,3.1331007212034354
279,279,0.00153648853302,28.999999999999996,30.0,2.9320746094287946
280,280,0.0017924308776855,28.999999999999996,28.999999999999996,2.748761253280144
281,281,0.0021730661392211,27.0,27.0,3.246978596813021
282,282,0.0022944808006286,26.0,27.0,2.499791611375912
283,283,0.0,27.0,27.0,2.2219604451373924
284,284,0.0,27.0,27.0,1.6274090220375228
285,285,0.0,28.999999999999996,31.0,1.7603582747582438
286,286,0.0,30.0,30.0,3.2075152599564953
287,287,0.0,32.0,33.0,3.5869776777406224
288,288,1.1920928955078125e-07,34.0,33.0,4.140695025820604
289,289,0.0,47.0,47.0,3.4461519396537748
290,290,0.0,64.0,64.0,2.990366410130588
291,291,1.1920928955078125e-07,78.0,78.0,2.420144876180375
292,292,0.0,83.0,84.0,2.0139973062224987
293,293,0.0,87.0,88.0,1.5014703401837832
294,294,0.0,90.0,90.0,1.1617659907570541
295,295,0.0,90.0,91.0,1.3397603100203712
296,296,0.0,92.0,92.0,1.321407368851313
297,297,1.1920928955078125e-07,85.0,87.0,1.8966899825539014
298,298,-1.1920928955078125e-07,81.0,84.0,2.083053219012589
299,299,1.1920928955078125e-07,81.0,83.0,2.0940003602652166
300,300,0.0,87.0,88.0,1.4612588879181214
301,301,-1.1920928955078125e-07,86.0,87.0,1.5006731860429041
302,302,1.1920928955078125e-07,88.0,89.0,1.2363822387598549
303,303,-1.1920928955078125e-07,89.0,90.0,1.7707411637017376
304,304,-1.1920928955078125e-07,87.0,88.0,1.7750035119934506
305,305,0.0,87.0,88.0,1.7251091606808104
306,306,1.1920928955078125e-07,82.0,84.0,2.25941618190476
307,307,0.0,71.0,72.0,2.8419408239876787
308,308,1.1920928955078125e-07,79.0,81.0,2.731916205560547
309,309,0.0,85.0,85.0,2.0541927170420595
310,310,0.0,80.0,81.0,2.3155328801972566
311,311,0.0,74.0,75.0,2.829887796438961
312,312,1.1920928955078125e-07,85.0,85.0,2.542430821158703
313,313,0.0,88.0,88.0,1.9256471946314997
314,314,-1.1920928955078125e-07,76.0,77.0,2.2290145656907776
315,315,0.0,84.0,84.0,1.7510685781936943
316,316,0.0,76.0,77.0,2.1369036244946513
317,317,0.0,80.0,82.0,2.059818228471881
318,318,0.0,71.0,72.0,2.145986733871086
319,319,1.1920928955078125e-07,77.0,77.0,1.5823928687929805
320,320,0.0,86.0,87.0,1.2209176545295513
321,321,0.0,83.0,85.0,1.59565559453369
322,322,0.0,66.0,68.0,1.5835677117269256
323,323,0.0,64.0,65.0,1.060314910728942
324,324,1.1920928955078125e-07,70.0,70.0,1.4451293380879475
325,325,0.0,83.0,83.0,1.4562982986353776
326,326,1.1920928955078125e-07,85.0,86.0,0.9828532789851959
327,327,-1.1920928955078125e-07,79.0,81.0,1.4839920440031478
328,328,0.0,76.0,77.0,1.2796346202171167
329,329,1.1920928955078125e-07,86.0,87.0,1.1090308633864934
330,330,0.0,86.0,87.0,1.6765268483228914
331,331,0.0,78.0,80.0,2.324052511767688
332,332,0.0,56.99999999999999,57.99999999999999,2.8003098885646853
333,333,1.1920928955078125e-07,66.0,66.0,3.2952454742219346
334,334,0.0,79.0,80.0,2.752874741520534
335,335,0.0,71.0,73.0,2.5765005443003095
336,336,1.1920928955078125e-07,64.0,64.0,3.220728090005182
337,337,0.0,79.0,79.0,2.901460741717859
338,338,-1.1920928955078125e-07,84.0,85.0,2.183828513396129
339,339,-1.1920928955078125e-07,76.0,78.0,2.5359440058642613
340,340,1.1920928955078125e-07,75.0,76.0,2.872633931905028
341,341,0.0,85.0,85.0,2.1958434824668465
342,342,-1.1920928955078125e-07,84.0,86.0,1.9864290200563506
343,343,-1.1920928955078125e-07,74.0,77.0,2.617340850505411
344,344,0.0,78.0,79.0,2.400882752924146
345,345,1.1920928955078125e-07,85.0,86.0,1.7900263379025363
346,346,1.1920928955078125e-07,79.0,82.0,2.280744498062343
347,347,0.0,71.0,74.0,2.635128041063401
348,348,1.1920928955078125e-07,74.0,76.0,2.140944090929569
349,349,0.0,78.0,80.0,1.7191275530506167
350,350,1.1920928955078125e-07,78.0,80.0,1.2957572056322213
351,351,0.0,76.0,76.0,1.4698932671256946
352,352,0.0,76.0,78.0,1.5653994853667152
353,353,0.0,80.0,82.0,1.7586770244154109
354,354,1.1920928955078125e-07,87.0,87.0,1.9747747898336978
355,355,1.1920928955078125e-07,86.0,87.0,2.3756306433353314
356,356,0.0,87.0,87.0,2.3216010508019957
357,357,0.0,84.0,85.0,2.300415800594513
358,358,0.0,90.0,90.0,1.672674314816222
359,359,0.0,81.0,83.0,1.6234555987367598
360,360,0.0,84.0,85.0,1.7746599751994545
361,361,0.0,80.0,81.0,1.688847071327187
362,362,0.0,67.0,67.0,2.2856272339082424
363,363,0.0,63.0,64.0,2.0849288946234337
364,364,1.1920928955078125e-07,76.0,77.0,2.587590117732399
365,365,0.0,74.0,76.0,2.533991266544921
366,366,0.0,85.0,86.0,2.546423313954738
367,367,1.1920928955078125e-07,85.0,86.0,2.716763379965654
368,368,0.0,88.0,89.0,2.1676190923827563
369,369,1.1920928955078125e-07,87.0,88.0,2.093811984586074
370,370,0.0,88.0,88.0,1.4025330846045867
371,371,0.0,86.0,87.0,1.038505831912625
372,372,-1.1920928955078125e-07,87.0,88.0,0.7685073051009852
373,373,1.1920928955078125e-07,86.0,87.0,0.9589854796092365
374,374,-1.1920928955078125e-07,84.0,85.0,1.4884092860653548
375,375,-1.1920928955078125e-07,81.0,83.0,1.8010109649698054
376,376,0.0,73.0,75.0,2.3051414232029197
377,377,0.0,72.0,75.0,2.812115738714937
378,378,1.1920928955078125e-07,50.0,54.0,3.3029041863806534
379,379,1.1920928955078125e-07,60.0,63.0,3.01322768809413
380,380,-1.1920928955078125e-07,74.0,77.0,2.9943637184079868
381,381,-1.1920928955078125e-07,80.0,83.0,2.462567757271554
382,382,-1.1920928955078125e-07,82.0,84.0,2.5001267581892614
383,383,0.0,86.0,87.0,1.9461021235663627
384,384,-1.1920928955078125e-07,88.0,89.0,1.3014558539617112
385,385,0.0,87.0,88.0,1.0480537126214764
386,386,-1.1920928955078125e-07,89.0,89.0,0.7359401539724051
387,387,0.0,85.0,86.0,1.1888718274323329
388,388,-1.1920928955078125e-07,89.0,89.0,1.5255047815243845
389,389,0.0,85.0,85.0,2.219408511860869
390,390,1.1920928955078125e-07,83.0,83.0,2.628801420339766
391,391,0.0,83.0,83.0,3.176075615179004
392,392,1.1920928955078125e-07,76.0,76.0,3.834721985722864
393,393,0.0,72.0,74.0,4.007408705964224
394,394,0.0,75.0,76.0,4.600186765777163
395,395,0.0,79.0,80.0,4.044178217731005
396,396,0.0,78.0,79.0,3.590239857709555
397,397,0.0,71.0,72.0,4.295984277605674
398,398,0.0,74.0,75.0,4.530300351750025
399,399,0.0,73.0,75.0,3.884108568374226
400,400,1.1920928955078125e-07,66.0,68.0,4.060659798075268
401,401,-1.1920928955078125e-07,61.0,63.0,4.931767175538031
402,402,0.0,60.0,65.0,4.705272414554987
403,403,1.1920928955078125e-07,57.99999999999999,61.0,4.270955830030789
404,404,0.0,38.0,40.0,5.057624634804374
405,405,-1.1920928955078125e-07,30.0,31.0,5.631477229652195
406,406,0.0,35.0,36.0,5.0214457503122585
407,407,0.0,27.0,28.999999999999996,5.338603032563423
408,408,-1.1920928955078125e-07,27.0,30.0,6.978519744507722
409,409,-1.1920928955078125e-07,26.0,28.000000000000004,7.59082157152386
410,410,0.0,25.0,27.0,7.63187613185651
411,411,-1.1920928955078125e-07,24.0,27.0,7.767671373417639
412,412,-1.1920928955078125e-07,26.0,27.0,8.159915582643947
413,413,-1.1920928955078125e-07,26.0,26.0,10.257896458444622
414,414,0.0,25.0,25.0,12.081994736654565
415,415,1.1920928955078125e-07,25.0,25.0,12.8076507150826
416,416,0.0,24.0,23.0,13.23243330794416
417,417,0.0,24.0,23.0,13.327808683635316
418,418,0.0,24.0,23.0,15.567408414653356
419,419,0.0,26.0,24.0,14.985953390212343
420,420,0.0,23.0,23.0,17.373895781935904
421,421,0.0,24.0,22.0,16.379970848251354
422,422,1.1920928955078125e-07,22.0,22.0,18.18420087608765
423,423,1.1920928955078125e-07,24.0,24.0,18.274298992707404
424,424,0.0,27.0,27.0,18.563847509239963
425,425,1.1920928955078125e-07,24.0,25.0,20.076347296686464
426,426,0.0013906359672546,28.999999999999996,28.999999999999996,20.503373459393707
427,427,0.0015799403190612,30.0,30.0,18.94069098805454
428,428,0.0017842650413513,31.0,33.0,21.939169914635148
429,429,0.0023742914199829,28.999999999999996,30.0,22.5805098288668
430,430,0.0021724700927734,30.0,31.0,20.22140794538928
431,431,0.0027724504470825,32.0,33.0,21.468065893776608
432,432,0.0032592415809631,34.0,37.0,24.442983169988036
433,433,0.0038642883300781,33.0,35.0,24.375997804481678
434,434,0.0042681097984313,28.000000000000004,32.0,23.120427425871274
435,435,0.0042411684989929,30.0,34.0,25.6267532202701
436,436,0.0042939782142639,31.0,36.0,27.01384592563142
437,437,0.0040186047554016,32.0,33.0,26.70592785950643
438,438,0.0043323040008544,33.0,33.0,26.39402622145151
439,439,0.0043876767158508,28.000000000000004,32.0,26.755859957370472
440,440,0.0056972503662109,36.0,33.0,24.754036888658025
441,441,0.0052554011344909,32.0,33.0,25.799460397678416
442,442,0.0055584907531738,34.0,35.0,24.07430071733775
443,443,0.0050289630889892,32.0,33.0,23.875807780728167
444,444,0.0057615041732788,33.0,36.0,25.61642063740324
445,445,0.0053600072860717,35.0,33.0,23.470109855218137
446,446,0.0060352683067321,34.0,37.0,24.296964849974202
447,447,0.0041326284408569,32.0,34.0,20.985199836632255
448,448,0.004055380821228,32.0,35.0,23.454780551165236
449,449,0.0027627944946289,31.0,35.0,24.132413469970896
450,450,0.003278911113739,31.0,34.0,20.54481604940145
451,451,0.0042824745178222,32.0,35.0,20.185725754694072
452,452,0.0,30.0,35.0,23.839478133566935
453,453,0.0,28.000000000000004,33.0,23.68133766288559
454,454,0.0,31.0,34.0,20.583918208444857
455,455,-1.1920928955078125e-07,31.0,34.0,23.121112999762577
456,456,1.1920928955078125e-07,30.0,32.0,26.184981487675667
457,457,0.0,28.999999999999996,31.0,26.015511454961104
458,458,0.0,30.0,33.0,28.817457725869865
459,459,0.0,28.000000000000004,30.0,30.378772722316032
460,460,1.1920928955078125e-07,30.0,30.0,31.990912103571645
461,461,0.0,33.0,31.0,31.969612907873724
462,462,0.0,32.0,32.0,34.52395209946324
463,463,1.1920928955078125e-07,28.000000000000004,32.0,35.54841317680643
464,464,1.1920928955078125e-07,34.0,36.0,36.586527119042096
465,465,0.0,34.0,35.0,37.9575511211419
466,466,0.0,35.0,37.0,38.57558599108316
467,467,-1.1920928955078125e-07,41.0,39.0,39.244638468164986
468,468,-1.1920928955078125e-07,38.0,39.0,40.00062002453015
469,469,0.0,42.0,44.0,40.48163770393931
470,470,0.0,35.0,33.0,37.89497292595695
471,471,1.1920928955078125e-07,38.0,37.0,37.52466253926155
472,472,0.0,38.0,33.0,35.19336471155538
473,473,0.0,34.0,33.0,34.11865456512921
474,474,-1.1920928955078125e-07,30.0,32.0,32.064022405035324
475,475,-1.1920928955078125e-07,28.999999999999996,28.000000000000004,33.682196102492846
476,476,1.1920928955078125e-07,31.0,32.0,32.012675813369256
477,477,0.0,25.0,28.000000000000004,30.013897461996457
478,478,0.0,27.0,30.0,28.548045703649045
479,479,0.0,28.000000000000004,28.000000000000004,30.182468107678698
480,480,0.0,27.0,30.0,31.454466865472973
481,481,0.0,26.0,26.0,27.887873043087858
482,482,1.1920928955078125e-07,26.0,26.0,32.37935615744469
483,483,0.0,24.0,27.0,32.83500509472963
484,484,0.0,27.0,27.0,28.06388730249659
485,485,0.0,26.0,26.0,27.998914048901167
486,486,0.0,25.0,28.999999999999996,32.30281734665305
487,487,1.1920928955078125e-07,28.999999999999996,24.0,37.69628381384269
488,488,-1.1920928955078125e-07,28.000000000000004,32.0,38.44396535378229
489,489,-1.1920928955078125e-07,26.0,28.999999999999996,45.219907478839
490,490,-1.1920928955078125e-07,27.0,27.0,47.900196489284404
491,491,1.1920928955078125e-07,28.000000000000004,30.0,49.088895761212235
492,492,0.0,27.0,25.0,47.39829509864903
493,493,0.0,30.0,34.0,53.63634595979996
494,494,0.0,32.0,31.0,51.15832644080742
495,495,0.0,27.0,28.999999999999996,55.61055056571611
496,496,0.0,28.000000000000004,31.0,59.486568499645884
497,497,0.0,32.0,32.0,56.52279306320632
498,498,0.0,27.0,31.0,61.94822027282227
499,499,0.0,25.0,26.0,64.34697236938857
500,500,0.0,28.999999999999996,28.000000000000004,64.5364304628893
501,501,0.0,28.000000000000004,28.999999999999996,71.39338375616549
502,502,0.0,26.0,24.0,70.65399642380821
503,503,0.0,30.0,28.000000000000004,65.38133380535974
504,504,0.0,28.000000000000004,28.000000000000004,67.22468298046775
505,505,1.1920928955078125e-07,33.0,30.0,60.19436169239631
506,506,0.0,32.0,28.999999999999996,64.40987895256998
507,507,0.0,33.0,28.999999999999996,65.63267275419228
508,508,0.0,36.0,32.0,58.78399341150655
509,509,0.0,38.0,33.0,56.82648699637808
510,510,0.0,38.0,35.0,62.90085813331145
511,511,0.0,42.0,38.0,61.802065067653665
512,512,-1.1920928955078125e-07,42.0,38.0,55.071877261826344
513,513,1.1920928955078125e-07,43.0,38.0,57.27702672760896
514,514,0.0,45.0,41.0,62.13258623938071
515,515,-1.1920928955078125e-07,44.0,42.0,57.16300948296177
516,516,0.0,44.0,40.0,52.97366985693438
517,517,0.0,44.0,40.0,58.69534901352969
518,518,0.0,45.0,43.0,59.6219465709128
519,519,-1.1920928955078125e-07,42.0,41.0,52.774898247267885
520,520,-1.1920928955078125e-07,43.0,42.0,54.15180642239974
521,521,-1.1920928955078125e-07,42.0,39.0,60.00946124473987
522,522,1.1920928955078125e-07,36.0,35.0,57.21080435437267
523,523,0.0,40.0,39.0,52.13795184314425
524,524,0.0,36.0,36.0,57.66139694152623
525,525,0.0,35.0,33.0,60.43181661475035
526,526,0.0,24.0,24.0,54.86669702307765
527,527,-1.1920928955078125e-07,35.0,33.0,54.86111828665911
528,528,0.0,32.0,33.0,48.21929722386659
529,529,0.0,36.0,37.0,42.699968375656304
530,530,0.0,34.0,35.0,43.312705162820755
531,531,0.0,32.0,32.0,49.32725201787975
532,532,-1.1920928955078125e-07,37.0,37.0,46.151487653707434
533,533,-1.1920928955078125e-07,33.0,34.0,46.723123036924754
534,534,0.0,35.0,36.0,46.32218545147629
535,535,-1.1920928955078125e-07,35.0,34.0,47.70301020593704
536,536,-1.1920928955078125e-07,34.0,34.0,42.76208833439456
537,537,0.0065390467643737,28.000000000000004,28.000000000000004,47.97779340570299
538,538,0.0086190104484558,33.0,34.0,47.74531920198823
539,539,0.0064612627029418,36.0,39.0,41.03126430513523
540,540,0.007583200931549,40.0,41.0,41.99627909247666
541,541,0.0065629482269287,41.0,42.0,46.395202359897475
542,542,0.0072803497314453,36.0,41.0,42.14415071973511
543,543,0.0081296563148498,42.0,48.0,37.3354596219647
544,544,0.008119523525238,40.0,44.0,41.83176442147398
545,545,0.0082608461380004,37.0,40.0,43.288434695640056
546,546,0.0068202018737792,35.0,41.0,37.145320063912074
547,547,0.0057790875434875,31.0,41.0,35.93942402149383
548,548,0.0067057609558105,32.0,36.0,41.365337312892926
549,549,0.006611168384552,27.0,28.999999999999996,38.967737097622056
550,550,0.0066726803779602,28.999999999999996,35.0,34.49841716660482
551,551,0.0061162710189819,27.0,32.0,34.075869211665115
552,552,0.0060800313949584,28.000000000000004,33.0,32.859861554504064
553,553,0.0066311359405517,26.0,30.0,30.297340055862836
554,554,0.0061686635017395,28.999999999999996,30.0,24.793541195498584
555,555,0.0050216317176818,25.0,26.0,25.771299558037665
556,556,0.005195140838623,28.000000000000004,28.000000000000004,27.252444086985857
557,557,0.0070493817329406,28.000000000000004,27.0,24.28193384086344
558,558,0.0,28.000000000000004,26.0,19.780772011952745
559,559,0.0,27.0,26.0,23.857593746418452
560,560,1.1920928955078125e-07,28.999999999999996,28.000000000000004,25.76002822502553
561,561,0.0,28.000000000000004,25.0,20.575386582409344
562,562,0.0,28.999999999999996,26.0,19.768092157883938
563,563,1.1920928955078125e-07,31.0,28.999999999999996,24.809739092686712
564,564,0.0,32.0,30.0,25.954765902570696
565,565,0.0,32.0,25.0,23.73475402468876
566,566,0.0,33.0,28.000000000000004,24.607118496651314
567,567,0.0,39.0,35.0,28.316715578939284
568,568,-1.1920928955078125e-07,37.0,32.0,27.451471026032205
569,569,0.0,34.0,26.0,25.321951576978943
570,570,0.0019508600234985,39.0,35.0,28.341404131237784
571,571,0.0095965862274169,37.0,33.0,30.736575141601758
572,572,0.0101028084754943,35.0,28.999999999999996,28.970505344162834
573,573,0.0102790594100952,37.0,27.0,28.665694348813425
574,574,0.0097579956054687,37.0,32.0,30.924345042508754
575,575,0.008266270160675,33.0,32.0,32.99197171427612
576,576,0.0093162655830383,28.999999999999996,28.999999999999996,32.0633311685073
577,577,0.0083544850349426,27.0,25.0,30.86352099455714
578,578,0.0077883005142211,28.000000000000004,26.0,32.38912510202148
579,579,0.0066273212432861,25.0,25.0,31.95327891070326
580,580,0.0073645114898681,26.0,27.0,33.67724749245335
582,582,0.0064829587936401,24.0,23.0,30.002018590090806
583,583,0.0079056620597839,27.0,30.0,30.22518317755631
584,584,0.0112634897232055,28.999999999999996,27.0,26.275235170201327
585,585,0.0120748281478881,27.0,25.0,20.13771661177705
586,586,0.0115322470664978,30.0,27.0,16.618522350951675
587,587,0.0115887522697448,32.0,28.999999999999996,14.843220348355551
588,588,0.0139440894126892,30.0,27.0,14.674919874585223
589,589,0.0130282044410705,27.0,28.999999999999996,17.000299239603645
590,590,0.0188853740692138,28.999999999999996,28.999999999999996,12.75583028686119
591,591,0.0159448385238647,27.0,25.0,12.87586588106439
592,592,0.0102642178535461,25.0,31.0,18.348887608457307
593,593,0.0258723497390747,28.000000000000004,28.000000000000004,19.86035899739464
594,594,0.0314568877220153,28.000000000000004,26.0,19.999298640016082
595,595,0.0390017032623291,26.0,27.0,22.503832344580527
596,596,0.0251339077949523,34.0,27.0,27.640342714396006
597,597,0.0205803513526916,30.0,26.0,28.046095615749596
598,598,0.0201386213302612,32.0,28.000000000000004,29.936209554467897
599,599,0.020102322101593,30.0,28.999999999999996,29.9979849168512
600,600,0.0201454758644104,31.0,28.999999999999996,27.32707474421146
601,601,0.0261187553405761,32.0,27.0,30.870075508067178
602,602,0.0199847221374511,32.0,28.999999999999996,33.02433489370832
603,603,0.0153113007545471,28.999999999999996,28.999999999999996,30.398828500084313
604,604,0.0163531303405761,28.999999999999996,28.000000000000004,29.950000572520022
605,605,0.0039751529693603,28.999999999999996,27.0,34.73253317515891
606,606,0.0019150376319885,28.999999999999996,27.0,34.79057681291448
607,607,0.0018988251686096,28.000000000000004,28.000000000000004,33.111724969071375
608,608,0.0014315843582153,30.0,28.000000000000004,36.17720100022153
609,609,0.0010948181152343,30.0,30.0,39.85948749223627
610,610,0.0038822293281555,28.999999999999996,28.000000000000004,37.46993964908848
611,611,0.003227949142456,27.0,28.000000000000004,38.3795658344525
612,612,0.0047460198402404,27.0,24.0,37.125332480696684
613,613,0.0039413571357727,33.0,30.0,39.966048626812444
614,614,0.0042325854301452,28.999999999999996,26.0,38.755465677940435
615,615,0.0049853324890136,28.000000000000004,26.0,40.025905210887565
616,616,0.0055137276649475,32.0,27.0,42.30399842343467
617,617,0.0043449401855468,33.0,28.999999999999996,43.225982155117855
618,618,0.0072627067565917,31.0,28.000000000000004,44.9521874157811
619,619,0.0054989457130432,28.999999999999996,28.000000000000004,50.19614629089155
621,621,0.0070742964744567,35.0,33.0,54.212072190413245
622,622,0.0089707374572753,32.0,30.0,56.02685883973463
623,623,0.007220447063446,34.0,33.0,55.38817543198723
624,624,0.0097379684448242,28.999999999999996,30.0,52.27121842312196
625,625,0.0074147582054138,28.999999999999996,28.000000000000004,47.62037364411224
626,626,0.0052384734153747,35.0,28.000000000000004,41.892688276412116
627,627,0.0073856711387634,33.0,28.000000000000004,38.297071102867875
628,628,0.006763756275177,32.0,24.0,31.306968197986144
629,629,0.0046139955520629,32.0,32.0,29.475576035550283
630,630,0.0026386976242065,34.0,28.000000000000004,29.162889429587498
631,631,-1.1920928955078125e-07,38.0,35.0,24.8921024208376
632,632,-1.1920928955078125e-07,40.0,34.0,26.60878310900765
633,633,-1.1920928955078125e-07,41.0,37.0,24.285084954214327
634,634,0.0,36.0,30.0,25.097172720842863
635,635,-1.1920928955078125e-07,46.0,33.0,23.855371560293243
636,636,-1.1920928955078125e-07,49.0,40.0,26.826129937565796
637,637,0.0,47.0,36.0,29.446282237403835
638,638,0.0,45.0,39.0,34.632814662865904
639,639,0.0,41.0,33.0,39.68174546428848
640,640,-1.1920928955078125e-07,47.0,44.0,46.355157713661605
641,641,0.0,40.0,36.0,49.548977403830506
642,642,0.0,46.0,41.0,53.2753101892647
643,643,0.0,39.0,33.0,53.104877039647256
644,644,0.0,41.0,35.0,52.84243888897725
645,645,0.0,42.0,31.0,48.713256270476336
646,646,1.1920928955078125e-07,43.0,35.0,45.267213531068116
647,647,-1.1920928955078125e-07,41.0,37.0,38.67782609181863
648,648,1.1920928955078125e-07,37.0,30.0,32.892361642036164
649,649,0.0015546083450317,35.0,30.0,25.757263103354642
650,650,0.0015928149223327,30.0,27.0,23.549169796585353
651,651,0.0011370182037353,32.0,30.0,18.97954215615216
652,652,0.000993013381958,33.0,34.0,18.538621960974485
653,653,0.0010480284690856,30.0,31.0,24.140573614625858
654,654,0.0012744665145874,33.0,32.0,25.759829545462136
655,655,0.0048504471778869,31.0,34.0,32.05141203035841
656,656,0.005552053451538,33.0,36.0,35.895839554897
657,657,0.008169949054718,31.0,31.0,41.39020056320842
658,658,0.0121538043022155,32.0,32.0,45.30552103411279
659,659,0.0077346563339233,30.0,27.0,44.24161028831712
660,660,0.0048500895500183,31.0,33.0,43.75615058568708
661,661,0.0148519277572631,27.0,28.000000000000004,38.97807217190813
662,662,0.0078229308128356,28.000000000000004,28.000000000000004,35.40998575893695
663,663,0.0072426795959472,28.000000000000004,27.0,33.84534263098484
664,664,0.0056848526000976,28.999999999999996,28.999999999999996,27.553221464859448
665,665,0.0090530514717102,27.0,28.999999999999996,26.14558588180278
666,666,0.0105752944946289,35.0,33.0,19.929782516485307
667,667,0.013098657131195,28.999999999999996,30.0,20.634913174337296
668,668,0.0109027028083801,32.0,32.0,17.53026321983743
669,669,0.0102432966232299,30.0,32.0,14.634447722622657
670,670,0.0063389539718627,27.0,30.0,13.795068648284115
671,671,0.005269169807434,30.0,32.0,12.926558925744924
672,672,0.0068700909614562,28.999999999999996,28.999999999999996,11.9063150990574
673,673,0.0058513879776,27.0,31.0,14.68655991149174
674,674,0.0060080289840698,25.0,30.0,19.79241214062583
675,675,0.0066896080970764,26.0,30.0,21.322470114045487
676,676,0.0033603906631469,28.000000000000004,31.0,26.795799414689967
677,677,0.0031667351722717,26.0,31.0,29.768644769309635
678,678,0.0024845004081726,28.000000000000004,31.0,33.469909011191945
679,679,0.0023627877235412,27.0,32.0,30.996915270690277
680,680,0.0023008584976196,28.000000000000004,30.0,31.72272565855025
681,681,0.0027239322662353,26.0,27.0,27.530011041364013
682,682,0.0036577582359313,28.000000000000004,28.000000000000004,30.62873233989938
683,683,0.0034201145172119,31.0,31.0,27.837393413320424
684,684,0.0046663284301757,28.000000000000004,26.0,30.65321436029218
685,685,0.008655846118927,28.999999999999996,30.0,28.929287169162283
686,686,0.0079616904258728,30.0,28.000000000000004,30.531215236322122
687,687,0.0154586434364318,31.0,32.0,28.064384858088655
688,688,0.0151952505111694,37.0,33.0,27.52569694417413
689,689,0.0160056948661804,40.0,36.0,26.389256223950806
690,690,0.0184042453765869,32.0,28.999999999999996,22.472331126055124
691,691,0.0264800190925598,37.0,34.0,25.635812208106277
692,692,0.0382469296455383,38.0,36.0,25.477057677811224
693,693,0.0284173488616943,38.0,32.0,26.87470275233443
694,694,0.0257238149642944,30.0,30.0,30.8188165362329
695,695,0.0333876609802246,31.0,28.000000000000004,36.33877211076579
696,696,0.0252875089645385,28.000000000000004,26.0,36.93997202960213
697,697,0.0256484150886535,27.0,25.0,40.80995871951757
698,698,0.0409748554229736,28.000000000000004,26.0,39.658485556312534
699,699,0.0438787937164306,25.0,25.0,43.0979354613787
700,700,0.0383937954902648,28.999999999999996,28.000000000000004,41.26872980155699
701,701,0.0401161313056945,27.0,27.0,45.33299481192642
702,702,0.0213114023208618,26.0,24.0,42.977071516766884
703,703,0.0089948773384094,26.0,30.0,42.2075949558089
704,704,0.011561095714569,26.0,26.0,41.76530408680498
705,705,0.0043041706085205,31.0,35.0,43.720233617504846
706,706,0.0027785301208496,28.000000000000004,30.0,42.691824675752095
707,707,0.0027174949645996,27.0,31.0,41.34689146535031
708,708,0.0016126036643981,26.0,28.000000000000004,39.80434805313535
709,709,0.0019350051879882,28.000000000000004,30.0,35.79381770148015
710,710,0.0026427507400512,26.0,28.999999999999996,31.828193156918505
711,711,0.0033366084098815,27.0,31.0,31.200921595844722
712,712,0.0035505890846252,25.0,30.0,25.30205886063425
713,713,0.0028080344200134,25.0,30.0,26.08530890234661
714,714,0.0041334629058837,28.999999999999996,37.0,22.095751480969426
715,715,0.0038865804672241,30.0,35.0,21.295266444598
716,716,0.0049622058868408,27.0,36.0,18.397445526398137
717,717,0.0056167840957641,27.0,39.0,16.544674149743578
718,718,0.0046508312225341,30.0,43.0,16.629526361785505
719,719,0.0044688582420349,28.999999999999996,38.0,18.597193616784015
720,720,0.0039060711860656,28.999999999999996,35.0,19.90457734659436
721,721,0.0048752427101135,31.0,36.0,19.44740553479006
722,722,0.0042344331741333,37.0,45.0,21.684480322327698
723,723,0.0058621168136596,34.0,43.0,21.435269012461884
724,724,0.0042383074760437,33.0,45.0,25.20509159855982
725,725,0.0031629800796508,37.0,50.0,27.81157835261063
726,726,0.0029598474502563,34.0,42.0,28.369839606705952
727,727,0.0066479444503784,31.0,41.0,27.710375402399
728,728,0.0071990489959716,32.0,41.0,26.706025845587746
729,729,0.0027745962142944,28.000000000000004,38.0,26.298773672587284
730,730,0.0030820369720458,35.0,38.0,23.688604844086218
731,731,0.0031400918960571,38.0,36.0,22.854560404381026
732,732,0.0035911798477172,35.0,37.0,21.622397231873556
733,733,0.0041943788528442,40.0,35.0,19.979887006481217
734,734,0.0043432712554931,31.0,33.0,20.340003580980603
735,735,0.0128636360168457,36.0,37.0,18.059034292539817
736,736,0.0085619688034057,35.0,37.0,21.600294087039778
737,737,0.0083260536193847,32.0,36.0,19.397934271257622
738,738,0.0092493295669555,35.0,36.0,24.83296865337527
739,739,0.0161383748054504,30.0,33.0,24.268772934030245
740,740,0.0175932645797729,28.000000000000004,32.0,29.90756257849848
741,741,0.0211164951324462,34.0,37.0,30.28640447350757
742,742,0.0155346989631652,33.0,37.0,34.73204993720541
743,743,0.0217325687408447,42.0,39.0,39.58865579713894
744,744,0.0177637338638305,36.0,45.0,45.75982962949918
745,745,0.0237156748771667,42.0,35.0,50.33655188687305
746,746,0.0247184634208679,34.0,33.0,56.93512800430734
747,747,0.0270796418190002,46.0,43.0,61.5926386367236
748,748,0.019056499004364,44.0,43.0,66.46306248688006
749,749,0.0170174837112426,41.0,43.0,70.348923381685
750,750,0.0142119526863098,47.0,49.0,71.767343470848
751,751,0.0175803303718566,47.0,48.0,71.12059240905144
752,752,0.0202739834785461,47.0,49.0,68.2974853653919
753,753,0.0248354077339172,53.0,55.00000000000001,63.47372026495376
754,754,0.019991397857666,49.0,56.00000000000001,57.46520923644764
755,755,0.0293117761611938,51.0,54.0,52.731007604711266
756,756,0.031404435634613,56.00000000000001,59.0,45.55141356084541
757,757,0.0261458754539489,47.0,55.00000000000001,41.284687173180096
758,758,0.0285989046096801,44.0,48.0,34.38385273295403
759,759,0.0135806202888488,51.0,44.0,29.022340312476977
760,760,0.0139512419700622,46.0,49.0,25.94807248361965
761,761,0.0116475224494934,49.0,53.0,22.20496768113358
762,762,0.0107716917991638,50.0,48.0,19.375753919997024
763,763,0.0113207697868347,42.0,45.0,15.804303242145172
764,764,0.0097136497497558,52.0,49.0,14.791748590542625
765,765,0.007203996181488,41.0,41.0,12.604404600795087
766,766,0.0086683630943298,36.0,34.0,13.321716839718446
767,767,0.0098271965980529,39.0,40.0,13.943378331671626
768,768,0.0028743743896484,31.0,30.0,17.173756417303625
769,769,0.0028501749038696,33.0,28.000000000000004,17.637913350123835
770,770,-1.1920928955078125e-07,32.0,33.0,18.862750020367262
771,771,0.0,32.0,28.999999999999996,18.805228673855332
772,772,0.0,30.0,33.0,18.061673152101225
773,773,0.0,32.0,34.0,15.401343178168387
774,774,-1.1920928955078125e-07,33.0,37.0,15.10267287781955
775,775,0.0017237067222595,33.0,34.0,12.228692994220594
776,776,0.0018648505210876,36.0,38.0,11.303704438874089
777,777,0.001776099205017,28.999999999999996,35.0,9.800184627585459
778,778,0.0018268227577209,31.0,30.0,8.768439274360837
779,779,0.0029922127723693,28.999999999999996,28.999999999999996,6.503341411432796
780,780,0.0030449628829956,28.999999999999996,28.000000000000004,9.560122401309131
781,781,0.003202736377716,30.0,24.0,8.29725212967056
782,782,0.004474401473999,39.0,31.0,11.945139945759642
783,783,0.0047296285629272,35.0,28.000000000000004,14.975975924048518
784,784,0.0045031905174255,37.0,28.999999999999996,17.56697566098957
785,785,0.0049527883529663,35.0,27.0,19.874864236596835
786,786,0.0056273937225341,38.0,26.0,23.95588847531976
787,787,0.0030877590179443,41.0,33.0,30.37595531881137
788,788,0.0060004591941833,43.0,30.0,31.046214450340592
789,789,0.006008505821228,38.0,32.0,36.713915285372266
790,790,0.0071264505386352,40.0,28.000000000000004,39.83564622324068
791,791,0.0062609910964965,41.0,28.999999999999996,41.00989007437152
792,792,0.0078396201133728,44.0,31.0,43.238099896251484
793,793,0.0071778893470764,42.0,34.0,42.76757595076635
794,794,0.0083026885986328,34.0,30.0,43.03378298320792
795,795,0.0066773295402526,37.0,35.0,41.75765259548153
796,796,0.0057872533798217,33.0,36.0,39.31459381778089
797,797,0.0049226284027099,30.0,34.0,33.9082063667633
798,798,0.0042616128921508,26.0,31.0,31.49768415968503
799,799,0.0043544769287109,30.0,31.0,28.53723006054436
800,800,0.0030261278152465,27.0,30.0,24.589955225546998
801,801,0.0032021403312683,27.0,30.0,22.066693168608843
802,802,0.013293981552124,27.0,26.0,21.2999757797057
803,803,0.0,30.0,26.0,16.89644913197257
804,804,0.005050778388977,28.999999999999996,26.0,12.326702226509786
805,805,0.0044997334480285,30.0,24.0,12.503082322842227
806,806,0.0101784467697143,30.0,27.0,8.780740294188817
807,807,0.0091369152069091,31.0,26.0,10.458726440674857
808,808,0.0117718577384948,30.0,28.000000000000004,10.110204595974903
809,809,0.0081132650375366,31.0,28.000000000000004,11.939006546620597
810,810,0.0056889057159423,32.0,28.000000000000004,10.33636016222312
811,811,0.0050094723701477,28.999999999999996,28.999999999999996,12.430055241807525
812,812,0.0055860877037048,31.0,28.000000000000004,8.341155170866855
813,813,0.0053244829177856,32.0,28.999999999999996,6.44069584535642
814,814,0.0048965811729431,28.999999999999996,33.0,11.879788332881406
815,815,0.0057690143585205,31.0,28.000000000000004,11.294739310941445
816,816,0.0046771168708801,38.0,36.0,15.266008114833904
817,817,0.0060281157493591,34.0,35.0,18.31288515909713
818,818,0.0081216096878051,32.0,31.0,21.77525767871774
819,819,0.0079771876335144,35.0,31.0,27.39978878057179
820,820,0.0070131421089172,39.0,36.0,31.66478384289242
821,821,0.0063092112541198,39.0,40.0,36.68226622876299
822,822,0.0065480470657348,31.0,34.0,40.88740683042438
823,823,0.0071637630462646,41.0,42.0,43.16488456037973
824,824,0.0063587427139282,37.0,37.0,43.16594199829362
825,825,0.0201075673103332,30.0,36.0,44.242354155981516
826,826,0.0234570503234863,39.0,42.0,44.76221506344935
827,827,0.0071632266044616,37.0,36.0,45.40089721144466
828,828,0.0088113546371459,32.0,33.0,42.79592039613195
829,829,0.0073409676551818,37.0,34.0,37.460518888704215
830,830,0.0069935917854309,40.0,36.0,34.40951763509886
831,831,0.0133652091026306,37.0,30.0,31.45352259192466
832,832,0.0053765773773193,36.0,33.0,27.937192012727003
833,833,0.0005910396575927,38.0,37.0,25.05249784245635
834,834,0.0006698369979858,32.0,32.0,22.536653999050657
835,835,0.0004804134368896,32.0,30.0,22.21101108635969
836,836,0.0007835030555725,31.0,30.0,21.71542637018719
837,837,0.0009061694145202,35.0,28.999999999999996,25.209750858927443
838,838,0.0007506608963012,37.0,33.0,29.66223562625419
839,839,0.0005859732627868,32.0,26.0,34.71847537236244
840,840,0.0005934834480285,28.000000000000004,24.0,36.15768126411769
841,841,0.0006530880928039,32.0,25.0,38.96822588000256
842,842,0.0006443262100219,28.999999999999996,24.0,38.44128785124498
843,843,0.0008491277694702,27.0,24.0,38.45613995541204
844,844,0.0025542974472045,27.0,25.0,36.647828987202054
845,845,0.003375232219696,24.0,23.0,35.88103925615554
846,846,0.0078651309013366,26.0,24.0,36.26013261969079
847,847,0.0133314728736877,26.0,24.0,35.06427055830735
848,848,0.0188737511634826,26.0,26.0,34.56755319410088
849,849,0.0177370309829711,28.999999999999996,27.0,31.502747768770874
850,850,0.0204871296882629,28.000000000000004,26.0,31.192591068664942
851,851,0.0149940252304077,26.0,25.0,31.119105145430563
852,852,0.0114288330078125,25.0,25.0,31.031204642286628
853,853,0.0184829831123352,26.0,25.0,28.094240650837275
854,854,0.0098193287849426,30.0,26.0,27.80588038846971
855,855,0.0088440179824829,31.0,26.0,27.261988636000716
856,856,0.0096350908279418,28.000000000000004,23.0,26.576610346684916
857,857,0.008303940296173,28.000000000000004,26.0,24.430794588049654
858,858,0.0098031759262084,33.0,28.000000000000004,27.327010415242125
859,859,0.0172809362411499,32.0,28.999999999999996,30.06820426049668
860,860,0.0079010128974914,30.0,28.000000000000004,29.85188508432564
861,861,0.0110478997230529,35.0,28.000000000000004,33.24777541438651
862,862,0.0112945437431335,31.0,28.000000000000004,39.20526515043754
863,863,0.0103240013122558,37.0,32.0,40.68125782318611
864,864,0.0109282135963439,31.0,26.0,42.34777900079967
865,865,0.0094899535179138,35.0,30.0,42.424394202695645
866,866,0.0092889070510864,31.0,25.0,42.22674172266973
867,867,0.0266924500465393,30.0,27.0,40.24916999806202
868,868,0.0112997889518737,28.999999999999996,26.0,40.146176350508405
869,869,0.0089805126190185,35.0,28.000000000000004,38.6074148358665
870,870,0.0133766531944274,36.0,26.0,35.74420761803935
871,871,0.014821708202362,36.0,28.999999999999996,35.30097944078512
873,873,0.0171965956687927,36.0,25.0,31.678047924444858
874,874,0.0107784271240234,32.0,27.0,29.8517049507565
875,875,0.012078583240509,28.999999999999996,28.000000000000004,27.01598297469697
876,876,0.0120387077331542,30.0,26.0,28.618259654348996
877,877,0.0101415514945983,28.999999999999996,26.0,26.066568046645987
878,878,0.0096241235733032,30.0,28.000000000000004,28.843569748622674
879,879,0.010169506072998,34.0,28.000000000000004,28.67835320904406
880,880,0.0096617937088012,32.0,28.000000000000004,30.811692485919856
881,881,0.0113135576248168,28.999999999999996,31.0,31.108872237477
882,882,0.0067116618156433,31.0,30.0,34.08172406389676
883,883,0.0051411986351013,27.0,30.0,33.18171239576592
884,884,0.0055064558982849,28.000000000000004,30.0,34.58192125086744
885,885,0.0050916075706481,28.999999999999996,35.0,33.99256981761642
886,886,0.0046774744987487,33.0,37.0,33.43415442835084
887,887,0.0037940740585327,31.0,36.0,31.986696808515166
888,888,0.0018231868743896,31.0,36.0,32.04605633543426
889,889,0.001478374004364,34.0,39.0,28.7776360800783
890,890,0.0015994906425476,38.0,37.0,27.99216266923554
891,891,0.0036231875419616,34.0,38.0,22.456329462861717
892,892,0.0062788128852844,32.0,37.0,21.069739015202703
893,893,0.0068975090980529,28.999999999999996,31.0,16.49370080234459
894,894,0.0067591071128845,27.0,30.0,15.26583134882219
895,895,0.0075992345809936,28.000000000000004,30.0,12.670829847046926
896,896,0.0076072216033935,25.0,27.0,11.380711634972652
897,897,0.0081592798233032,23.0,24.0,10.550062344221505
898,898,0.0057442188262939,25.0,25.0,7.429809483560901
899,899,0.0074673891067504,27.0,30.0,7.407714664848744
900,900,0.0070591568946838,26.0,27.0,5.493226917707222
901,901,0.0054025053977966,28.000000000000004,28.000000000000004,4.430986625416119
902,902,0.0051950812339782,28.999999999999996,32.0,2.927427092204281
903,903,0.008100152015686,28.000000000000004,28.999999999999996,7.745637741065261
904,904,0.0077655315399169,33.0,32.0,6.548056027835988
905,905,0.006046712398529,30.0,30.0,13.37677427263675
906,906,0.0078758001327514,28.999999999999996,27.0,16.771009600711547
907,907,0.0104850530624389,28.999999999999996,26.0,20.334113535514533
908,908,0.00990891456604,28.999999999999996,27.0,27.27968888663859
909,909,0.0112330913543701,26.0,25.0,32.5235828022883
910,910,0.0104889869689941,28.000000000000004,28.000000000000004,35.994267237668886
911,911,0.0117097496986389,34.0,28.999999999999996,40.089986457588815
912,912,0.0110155344009399,31.0,32.0,40.08987928427973
913,913,0.0122029185295104,27.0,24.0,43.383264505855635
914,914,0.0148224830627441,26.0,28.999999999999996,44.618010096321996
915,915,0.0242256522178649,27.0,27.0,42.637633192906655
916,916,0.0296936631202697,27.0,28.000000000000004,44.963681939539384
917,917,0.0361969470977783,25.0,27.0,42.73310222958029
918,918,0.0395426154136657,26.0,24.0,42.21650874564347
919,919,0.0444007515907287,25.0,25.0,43.82287190204996
920,920,0.0347118973731994,22.0,22.0,41.302804869535684
921,921,0.0336372256278991,24.0,23.0,43.93009216274553
922,922,0.0339816212654113,27.0,21.0,46.03831134200896
923,923,0.0344136357307434,27.0,23.0,49.435148319084014
924,924,0.0282545089721679,24.0,24.0,46.85047585263763
925,925,0.0359062552452087,32.0,23.0,53.105650958943535
926,926,0.0423648953437805,28.000000000000004,22.0,52.18651192268579
927,927,0.0288820266723632,27.0,23.0,51.95489679752323
928,928,0.0303393602371215,30.0,24.0,55.234380754807354
929,929,0.0310829281806945,27.0,23.0,54.366379927231485
930,930,0.0257489681243896,30.0,26.0,51.13351514007845
931,931,0.0289743542671203,32.0,25.0,51.592234735932585
932,932,0.0154793262481689,27.0,26.0,53.119979642517826
933,933,0.0106788873672485,35.0,27.0,49.71268088364732
934,934,0.0090929269790649,28.999999999999996,27.0,50.582882109808445
935,935,0.0034264922142028,32.0,28.999999999999996,45.325047050793216
936,936,0.0019741654396057,30.0,27.0,47.86318903578434
937,937,0.0031757950782775,31.0,28.000000000000004,44.746264673613894
938,938,0.0,24.0,23.0,38.61237686926284
939,939,1.1920928955078125e-07,27.0,24.0,32.479815995846714
940,940,0.0,24.0,23.0,26.226607444228712
941,941,0.0,27.0,24.0,20.30712533962523
942,942,0.0,28.000000000000004,27.0,14.588811816871099
943,943,0.0,28.999999999999996,28.000000000000004,10.429572098013328
944,944,1.1920928955078125e-07,31.0,27.0,5.653607494199999
945,945,0.0,28.000000000000004,26.0,6.869223333937199
946,946,0.0010364055633544,30.0,27.0,8.816451714226762
947,947,0.0011253356933593,28.999999999999996,25.0,10.220558164919575
948,948,0.001038372516632,28.000000000000004,28.000000000000004,8.764380547059805
949,949,0.0011983513832092,28.000000000000004,23.0,8.063824550662654
950,950,0.0013135075569152,26.0,25.0,4.628627154860657
951,951,0.0029346346855163,26.0,23.0,7.30870668200857
952,952,0.0025835633277893,23.0,22.0,4.560756930942993
953,953,0.0028380751609802,23.0,22.0,6.373989731182837
954,954,0.0029472708702087,23.0,22.0,9.02912016139738
955,955,0.0031406283378601,25.0,24.0,10.419234207129877
956,956,0.0030800104141235,28.999999999999996,25.0,10.58834637720966
957,957,0.0029656887054443,33.0,28.999999999999996,13.071743172607933
958,958,0.0027438998222351,35.0,28.999999999999996,18.51732491296674
959,959,0.0023046731948852,35.0,33.0,19.668151591147765
960,960,0.0021517872810363,34.0,27.0,24.669570810949153
961,961,0.0024209022521972,35.0,28.000000000000004,25.83943444365121
962,962,0.0027913451194763,38.0,28.999999999999996,27.418448952934064
963,963,0.00269216299057,35.0,27.0,21.66316490052548
964,964,0.0028520226478576,33.0,27.0,19.405046864437345
965,965,0.0045724511146545,28.999999999999996,27.0,17.51393576924832
966,966,0.0073325634002685,28.000000000000004,28.999999999999996,14.060737806646495
967,967,0.0051422715187072,26.0,24.0,18.97770404320274
968,968,0.0056204199790954,24.0,25.0,18.036003062884113
969,969,0.0053619742393493,28.000000000000004,28.000000000000004,24.24940556934864
970,970,0.0052400231361389,28.000000000000004,25.0,24.906672328395604
971,971,0.0066380500793457,28.999999999999996,28.999999999999996,30.177271429098273
972,972,0.0058458447456359,26.0,25.0,33.135658263666095
973,973,0.0056604743003845,27.0,26.0,32.410217787625065
974,974,0.0057076811790466,26.0,24.0,26.513064468136175
975,975,0.0059776902198791,28.999999999999996,27.0,23.28275759243159
976,976,0.0049118399620056,33.0,27.0,18.924464105760485
977,977,0.0065799355506896,28.000000000000004,23.0,19.1898360399694
978,978,0.0052483677864074,30.0,23.0,20.805385665998735
979,979,0.0056220293045043,31.0,24.0,17.984984903434366
980,980,0.0068635940551757,32.0,25.0,17.631614770149117
982,982,0.0074338316917419,28.000000000000004,24.0,23.129528603209007
983,983,0.008265197277069,27.0,24.0,20.07653317010735
984,984,0.0092220902442932,25.0,24.0,20.58205633847015
985,985,0.0084608197212219,24.0,22.0,23.415121867277154
986,986,0.0069879293441772,24.0,25.0,17.952867799675186
987,987,0.0064507722854614,22.0,22.0,15.381657210449204
988,988,0.005949854850769,28.000000000000004,24.0,18.244601627283856
989,989,0.0046133399009704,26.0,26.0,15.143802050618346
990,990,0.0044047236442565,28.999999999999996,28.999999999999996,9.866816650216494
991,991,0.004310667514801,28.000000000000004,26.0,9.830811416941575
992,992,0.0032200813293457,30.0,27.0,6.036634299913377
993,993,0.0041019916534423,30.0,28.000000000000004,3.0147647792988126
994,994,0.00339275598526,27.0,24.0,2.42156032427883
995,995,0.0037333369255065,28.000000000000004,28.000000000000004,8.124479265552873
996,996,0.0035611391067504,28.999999999999996,31.0,10.424880466802936
997,997,0.0041436553001403,32.0,36.0,16.817182000450263
998,998,0.0120193362236022,28.000000000000004,34.0,19.524213165059038
999,999,0.0072067975997924,30.0,36.0,24.46476491089135
1000,1000,0.0092333555221557,27.0,34.0,30.236034110164184
1001,1001,0.0082913637161254,28.000000000000004,33.0,31.468464988918598
1002,1002,0.007835566997528,30.0,35.0,30.919099218575152
1003,1003,0.0082508921623229,28.999999999999996,28.000000000000004,30.60596057250065
1004,1004,0.0071701407432556,31.0,31.0,29.464899418579485
1005,1005,0.0064268112182617,26.0,26.0,29.338428372578797
1006,1006,0.0066123008728027,28.999999999999996,30.0,26.877831867192416
1007,1007,0.0079806447029113,28.000000000000004,26.0,27.26763467305243
1008,1008,0.0070999860763549,24.0,26.0,26.326899490159793
1009,1009,0.0074097514152526,25.0,25.0,24.705490781497407
1010,1010,0.0096510648727417,24.0,23.0,26.061669555119753
1011,1011,0.0102246403694152,25.0,25.0,27.091103788893385
1012,1012,0.0092824101448059,27.0,23.0,24.361457283126505
1013,1013,0.0109432339668273,26.0,24.0,24.519092229611328
1014,1014,0.0025756359100341,28.000000000000004,25.0,22.18277319603247
1015,1015,0.0026870965957641,28.999999999999996,25.0,24.034467447818848
1016,1016,0.0042659640312194,33.0,28.000000000000004,21.473845335366658
1017,1017,0.0052984356880187,34.0,26.0,23.68299108343651
1018,1018,0.0174828767776489,32.0,28.999999999999996,22.01892177555854
1019,1019,0.0016326904296875,38.0,31.0,23.396842680577702
1020,1020,0.0018120408058166,37.0,31.0,21.35820715557942
1021,1021,0.0017765164375305,38.0,31.0,21.20773737377316
1022,1022,0.0017569661140441,36.0,33.0,22.38355096919488
1023,1023,0.0023903250694274,33.0,30.0,21.313767330453356
1024,1024,0.0030430555343627,26.0,30.0,21.501471751105644
1025,1025,-1.1920928955078125e-07,28.999999999999996,27.0,23.969432303378603
1026,1026,0.0,27.0,28.000000000000004,24.67312612881614
1027,1027,0.0,33.0,32.0,25.586668551830286
