zebrafish_id,aescallii_id,mean_local_plm,median_local_plm,mean_local_identity,median_local_identity,n_windows
NP_001417877,XP_056331155,0.0028969579272800023,0.002000272274017334,94.17989417989416,95.23809523809523,18
NP_001417877,XP_056303611,0.022710710763931274,0.019268125295639038,68.51851851851852,71.42857142857143,18
NP_001417877,XP_056303610,0.01954418420791626,0.020464003086090088,65.87301587301587,61.904761904761905,18
NP_001417877,XP_056333625,0.0660065511862437,0.056558042764663696,10.317460317460318,9.523809523809524,18
NP_571338,XP_056335427,-2.6490953233506943e-08,0.0,100.0,100.0,18
NP_571338,XP_056335428,0.0016128155920240614,2.384185791015625e-07,95.76719576719577,100.0,18
NP_571338,XP_056327551,0.002381871143976847,0.0020290613174438477,94.17989417989418,95.23809523809523,18
NP_571338,XP_056314424,0.004906366268793742,0.002065807580947876,92.85714285714286,92.85714285714286,18
NP_571339,XP_056303610,0.00012071596251593696,0.0,99.73544973544973,100.0,18
NP_571339,XP_056303611,0.015217251247829862,0.012795805931091309,76.19047619047619,76.19047619047619,18
NP_571339,XP_056318106,0.32054952449268764,0.3470402956008911,10.846560846560847,9.523809523809524,18
NP_571339,XP_056314747,0.06005197763442993,0.03976154327392578,14.814814814814813,14.285714285714285,18
