zebrafish_id,aescallii_id,mean_local_plm,median_local_plm,mean_local_identity,median_local_identity,n_windows,group,symbol,note
NP_001417877,XP_056331155,0.00289695792728,0.0020002722740173,94.17989417989416,95.23809523809524,18,Conserved (AHR),AHR1A,
NP_001417877,XP_056303611,0.0227107107639312,0.019268125295639,68.51851851851852,71.42857142857143,18,Conserved (AHR),AHR1A,
NP_001417877,XP_056303610,0.0195441842079162,0.02046400308609,65.87301587301587,61.90476190476191,18,Conserved (AHR),AHR1A,
NP_001417877,XP_056333625,0.0660065511862437,0.0565580427646636,10.317460317460318,9.523809523809524,18,Conserved (AHR),AHR1A,
NP_571338,XP_056335427,-2.6490953233506943e-08,0.0,100.0,100.0,18,Conserved (AHR),AHR1B,
NP_571338,XP_056335428,0.001612815592024,2.384185791015625e-07,95.76719576719576,100.0,18,Conserved (AHR),AHR1B,
NP_571338,XP_056327551,0.0023818711439768,0.0020290613174438,94.17989417989418,95.23809523809524,18,Conserved (AHR),AHR1B,
NP_571338,XP_056314424,0.0049063662687937,0.0020658075809478,92.85714285714286,92.85714285714286,18,Conserved (AHR),AHR1B,
NP_571339,XP_056303610,0.0001207159625159,0.0,99.73544973544972,100.0,18,Conserved (AHR),AHR2,
NP_571339,XP_056303611,0.0152172512478298,0.0127958059310913,76.19047619047619,76.19047619047619,18,Conserved (AHR),AHR2,
NP_571339,XP_056318106,0.3205495244926876,0.3470402956008911,10.846560846560848,9.523809523809524,18,Conserved (AHR),AHR2,
NP_571339,XP_056314747,0.0600519776344299,0.0397615432739257,14.814814814814811,14.285714285714285,18,Conserved (AHR),AHR2,
NP_571747,XP_056327654,2.682209014892578e-07,2.682209014892578e-07,100.0,100.0,2,Variant (Pigment),CSF1RA,
NP_571747,XP_056301712,0.037642627954483,0.037642627954483,76.19047619047619,76.19047619047619,2,Variant (Pigment),CSF1RA,
NP_571747,XP_056316546,0.0356564223766326,0.0356564223766326,80.95238095238095,80.95238095238095,2,Variant (Pigment),CSF1RA,
NP_571747,XP_056336912,0.0359833240509033,0.0359833240509033,80.95238095238095,80.95238095238095,2,Variant (Pigment),CSF1RA,
NP_571272,XP_056332995,0.0003875494003295,0.0,98.41269841269842,100.0,3,Variant (Pigment),EDNRB1A,manual motifs
NP_571272,XP_056320925,0.0481001536051432,0.0670562982559204,55.55555555555555,76.19047619047619,3,Variant (Pigment),EDNRB1A,manual motifs
NP_571272,XP_056313717,0.1043890714645385,0.0282290577888488,66.66666666666667,71.42857142857143,3,Variant (Pigment),EDNRB1A,manual motifs
NP_571272,XP_056305185,0.1010465621948242,0.0274716615676879,69.84126984126983,71.42857142857143,3,Variant (Pigment),EDNRB1A,manual motifs
NP_571128,XP_056336912,-1.1920928955078125e-07,-1.1920928955078125e-07,100.0,100.0,2,Variant (Pigment),KITA,
NP_571128,XP_056336910,-1.1920928955078125e-07,-1.1920928955078125e-07,100.0,100.0,2,Variant (Pigment),KITA,
NP_571128,XP_056336911,-1.1920928955078125e-07,-1.1920928955078125e-07,100.0,100.0,2,Variant (Pigment),KITA,
NP_571128,XP_056316546,0.0046079158782958,0.0046079158782958,92.85714285714286,92.85714285714286,2,Variant (Pigment),KITA,
NP_001006661,XP_056333158,0.0,0.0,100.0,100.0,2,Variant (Pigment),LTK,
NP_001006661,XP_056333435,0.0172930359840393,0.0172930359840393,88.0952380952381,88.0952380952381,2,Variant (Pigment),LTK,
NP_001006661,XP_056317097,0.1941481530666351,0.1941481530666351,16.666666666666664,16.666666666666664,2,Variant (Pigment),LTK,
NP_001006661,XP_056317096,0.1941481530666351,0.1941481530666351,16.666666666666664,16.666666666666664,2,Variant (Pigment),LTK,
